"currency","train_start","forecast_actual","volatility","actual_val","num_forecast_vals","mspe","mae","mape","pm","optimal_p","optimal_q","optimal_d","optimal_aic","up","lb"
"bitcoin_close",17348,2517.20924944123,346.968998507965,2434.55,1,6832.55151818813,82.6592494412339,0.0339525782757528,Inf,1,0,0,-104.21739557389,2696.66488855513,2349.69589004717
"bitcoin_close",17349,2489.80072141194,338.446345818888,2506.47,1,277.864848646356,16.66927858806,0.00665049994137573,Inf,1,0,0,-104.948368804592,2664.76802616153,2326.32168034264
"bitcoin_close",17350,2449.08112856801,332.113020742801,2564.06,1,13220.1408757732,114.978871431986,0.044842504244045,Inf,1,0,0,-105.22834675644,2620.7607978457,2288.6477771029
"bitcoin_close",17351,2529.67577878546,348.93198690056,2601.64,1,5178.84913501492,71.9642212145377,0.0276610988509316,Inf,1,0,0,-105.260587929671,2710.15089671496,2361.2189098144
"bitcoin_close",17352,2590.36279255638,338.439642597717,2601.99,1,135.191952937039,11.6272074436229,0.00446858267849718,Inf,1,0,0,-108.04080307654,2765.1040145904,2426.66437199269
"bitcoin_close",17353,2607.05454009539,310.439885198317,2608.56,1,2.26640952437947,1.50545990460705,0.000577122973827342,Inf,1,0,0,-109.436120485596,2766.8911710681,2456.45128586979
"bitcoin_close",17354,2700.42105728252,317.193565834019,2518.66,1,33037.0819444584,181.761057282517,0.0721657775493782,Inf,1,0,0,-112.147057152054,2863.6710566046,2546.47749077058
"bitcoin_close",17355,2521.12892513661,309.976269603197,2571.34,1,2521.15203893704,50.2110748633909,0.0195272017171556,Inf,1,0,0,-110.97012669062,2680.8765684205,2370.9002988173
"bitcoin_close",17356,2578.59914623208,318.654220529002,2518.44,1,3619.12287537222,60.1591462320753,0.0238874645542778,Inf,1,0,0,-111.065593971993,2742.84383848865,2424.18961795965
"bitcoin_close",17357,2543.53744081999,316.215207256823,2372.56,1,29233.2852693548,170.977440819995,0.0720645382287464,Inf,1,0,0,-110.562794413671,2706.55433196672,2390.3391247099
"bitcoin_close",17358,2434.35975867826,309.889354992419,2337.79,1,9325.71829117735,96.5697586782599,0.0413081408844506,Inf,1,0,0,-107.479700156662,2594.23049259793,2284.34113760551
"bitcoin_close",17359,2441.96331239991,260.769747805244,2398.84,1,1859.62007234054,43.1233123999136,0.0179767355888319,Inf,1,0,0,-118.645953768484,2575.82655884417,2315.05681103893
"bitcoin_close",17360,2418.81313463832,259.246465579299,2357.9,1,3710.40997146634,60.9131346383219,0.025833637829561,Inf,1,0,0,-118.644051613616,2551.90710607488,2292.66064049558
"bitcoin_close",17361,2399.68948249482,196.952869429022,2233.34,1,27672.1503262943,166.34948249482,0.0744846205659773,Inf,1,0,0,-124.722405828559,2500.18566369922,2303.2327942702
"bitcoin_close",17362,2289.23107390575,205.572675881232,1998.86,1,84315.3605611779,290.371073905749,0.145268339906621,Inf,1,0,0,-119.437719746785,2394.32380021412,2188.75112433289
"bitcoin_close",17363,2050.68660965115,265.81235089914,1929.82,1,14608.7373285631,120.866609651149,0.0626310275834785,Inf,0,0,1,-108.11105401597,2187.89513465961,1922.08278376047
"bitcoin_close",17364,1901.13196974335,179.859921829207,2228.41,1,107110.909088672,327.27803025665,0.146866164779663,Inf,0,1,1,-109.983263655977,1993.18773753088,1813.32781570167
"bitcoin_close",17365,2241.68561659835,235.562972211189,2318.88,1,5958.97282876138,77.1943834016529,0.0332895119202602,Inf,0,3,0,-103.787338954875,2362.55917713274,2126.99620492155
"bitcoin_close",17366,2139.41723534805,223.385330830529,2273.43,1,17959.421089658,134.012764651946,0.058947389913895,Inf,0,3,0,-100.311071894049,2254.02348917052,2030.63815833999
"bitcoin_close",17367,2169.86195759115,277.922003023084,2817.6,1,419564.57158365,647.738042408851,0.229889992337043,Inf,2,0,1,-99.1862072862185,2313.26803478499,2035.34603176191
"bitcoin_close",17368,3045.14146529305,505.420206180737,2667.76,1,142416.770346733,377.381465293055,0.141460050864041,Inf,1,1,0,-81.1843712188673,3308.31952509624,2802.89931891551
"bitcoin_close",17369,2575.87231651278,524.771991462613,2810.12,1,54871.9772191277,234.247683487218,0.0833586051439859,Inf,1,0,0,-80.8878951331586,2851.58753321981,2326.8155417572
"bitcoin_close",17370,2765.98792448736,582.778946059245,2730.4,1,1266.50036931832,35.587924487364,0.0130339600378567,Inf,1,0,0,-79.4915423493069,3072.68360048224,2489.90465442299
"bitcoin_close",17371,2724.31585468389,570.282991914359,2754.86,1,932.944813091712,30.5441453161111,0.0110873675308767,Inf,1,0,0,-80.633873607406,3024.33892381789,2454.05593190353
"bitcoin_close",17372,2595.28524722895,543.263017950269,2576.48,1,353.637323341985,18.8052472289514,0.00729881358634704,Inf,1,0,0,-80.4221066661284,2881.09298428998,2337.82996633971
"bitcoin_close",17373,2507.38649843121,524.897742603798,2529.45,1,486.798101475954,22.063501568789,0.00872264783600742,Inf,1,0,0,-80.4397896153646,2783.53325357925,2258.63551097545
"bitcoin_close",17374,2511.96983360029,524.191560550075,2671.78,1,25539.2892847046,159.810166399715,0.0598141188270422,Inf,1,0,0,-80.5708898354251,2787.70197344052,2263.51041289044
"bitcoin_close",17375,2657.99854667492,557.834229233087,2809.01,1,22804.4590353539,151.011453325083,0.0537596709606173,Inf,1,0,0,-79.4916921324098,2951.50968194737,2393.67545271428
"bitcoin_close",17376,2797.69931999146,592.545747751341,2726.45,1,5076.4655992451,71.2493199914575,0.0261326340081269,Inf,1,0,0,-78.2789559063643,3109.61592101287,2517.07017326153
"bitcoin_close",17377,2736.80348475944,581.078101890719,2757.18,1,415.202373348826,20.3765152405613,0.00739034638310204,Inf,1,0,0,-78.3993352213849,3042.72114054547,2461.64303865475
"bitcoin_close",17378,2678.59371634897,567.736560548907,2875.34,1,38709.1001304913,196.746283651029,0.0684253979185173,Inf,1,0,0,-78.168739870069,2977.46169759084,2409.72513704193
"bitcoin_close",17379,2962.63602849446,639.6169709523,2718.26,1,59719.6433027247,244.376028494459,0.0899016387300917,Inf,1,0,0,-77.378045613857,3299.65574745385,2660.03877650155
"bitcoin_close",17380,2728.82911416575,598.607430987533,2710.67,1,329.753427284643,18.1591141657473,0.00669912389399937,Inf,1,0,0,-77.2442601043037,3044.49788866749,2445.89045767996
"bitcoin_close",17381,2745.61870381375,601.280859047514,2804.73,1,3494.14533681831,59.1112961862477,0.0210755745423794,Inf,1,0,0,-77.2333333893272,3062.66988892424,2461.38902987673
"bitcoin_close",17382,2619.71174917812,571.784200157115,2895.89,1,76274.4262270349,276.178250821883,0.0953690405443173,Inf,1,0,0,-76.6227701540139,2921.15754053597,2349.37334037885
"bitcoin_close",17383,2846.46928184463,627.231782347471,3252.91,1,165194.05737465,406.440718155367,0.12494680706056,Inf,1,0,0,-75.9507124835025,3177.30971204247,2550.077929695
"bitcoin_close",17384,3256.83570041778,823.112380432487,3213.94,1,1840.04111433151,42.8957004177751,0.0133467645375381,Inf,0,0,1,-72.5168185344595,3694.29243871703,2871.18005828455
"bitcoin_close",17385,3218.43872588422,810.260441630729,3378.94,1,25760.6589927874,160.501274115776,0.047500480658365,Inf,0,0,1,-72.5803776570164,3648.96719700408,2838.70675537336
"bitcoin_close",17386,3579.92835643449,906.765999097552,3419.94,1,25596.2741946087,159.988356434488,0.0467810418997081,Inf,0,0,1,-72.1180855368324,4061.906684033,3155.14068493544
"bitcoin_close",17387,3386.4904356949,852.485809285679,3342.47,1,1937.79875876889,44.0204356949007,0.0131700316517129,Inf,0,0,1,-72.883146121502,3839.45260883791,2986.96679955223
"bitcoin_close",17388,3953.37057907009,995.617511544965,3381.28,1,327287.630660753,572.090579070092,0.169193494496194,Inf,0,0,1,-72.8135289938268,4482.39813145233,3486.78061990737
"bitcoin_close",17389,3323.67617254484,844.280960057054,3650.62,1,106892.266311031,326.943827455163,0.0895584386912807,Inf,0,0,1,-72.9340987160973,3772.51745655236,2928.23649649531
"bitcoin_close",17390,3702.94023360723,969.192019326523,3884.71,1,33040.2479744811,181.769766392767,0.0467910774273413,Inf,0,0,1,-71.6926330792783,4219.11065901848,3249.91863969196
"bitcoin_close",17391,3856.67584367814,1000.89604411573,4073.26,1,46908.6967696517,216.58415632186,0.0531721904130499,Inf,0,0,1,-71.4934800676627,4389.45776568054,3388.56172156481
"bitcoin_close",17392,4100.22174352242,1035.52246542182,4325.13,1,50583.7238317869,224.908256477584,0.052000345995978,Inf,0,0,1,-73.7556951710712,4650.54419823817,3615.02173281635
"bitcoin_close",17393,4359.52721130156,866.57857154259,4181.93,1,31540.7694620911,177.59721130156,0.0424677628036721,Inf,0,3,1,-73.6854754608547,4814.29568969756,3947.71711815497
"bitcoin_close",17394,4137.62191081967,940.261102511339,4376.63,1,57124.8666936321,239.008089180329,0.0546100742307047,Inf,0,0,1,-78.08700243851,4634.37571840409,3694.11461589275
"bitcoin_close",17395,4154.39979798383,946.626315451743,4331.69,1,31431.8157309331,177.290202016166,0.0409286449436978,Inf,0,0,1,-77.9549972529901,4654.58844485593,3707.96212940419
"bitcoin_close",17396,4168.12479392095,953.879932680226,4160.62,1,56.3219317959531,7.50479392095167,0.00180376816939583,Inf,0,0,1,-78.0322423103738,4672.26308014089,3718.38314746067
"bitcoin_close",17397,4208.15660381972,732.614415622826,4193.7,1,208.993394000393,14.4566038197217,0.00344721935754149,Inf,0,0,1,-93.5974023602774,4590.37668791779,3857.76227229496
"bitcoin_close",17398,4180.16382050791,697.348930937412,4087.66,1,8556.95680855912,92.5038205079072,0.0226300182764484,Inf,0,0,1,-94.9857775925392,4543.35484055727,3846.00590961986
"bitcoin_close",17399,4104.29938322863,668.970662546315,4001.74,1,10518.4270882371,102.55938322863,0.0256286973238217,Inf,0,0,1,-95.9989663802185,4452.39182171315,3783.42115916684
"bitcoin_close",17400,4132.26085004162,664.673496864641,4100.52,1,1007.48156136429,31.740850041615,0.00774068899593587,Inf,0,0,1,-96.1894800418825,4477.94013601599,3813.26663915135
"bitcoin_close",17401,4021.0290475949,645.883819795089,4151.52,1,17027.8886595899,130.4909524051,0.0314320905126555,Inf,0,0,1,-95.9294752981577,4356.91836976568,3711.03454997059
"bitcoin_close",17402,4110.29139287989,637.910203672543,4334.68,1,50350.2470053013,224.388607120106,0.0517658990098706,Inf,0,0,1,-98.1906448171106,4441.60324245777,3803.69303878523
"bitcoin_close",17403,4257.92992862947,673.440754014012,4371.6,1,12920.8851253807,113.670071370527,0.0260019378192256,Inf,0,0,1,-97.3739712164018,4607.94360805105,3934.50285403704
"bitcoin_close",17404,4351.4824623876,685.88716636914,4352.4,1,0.841875270165975,0.917537612398519,0.000210811876757311,Inf,0,0,1,-98.9615870182882,4707.91894642711,4022.03178005797
"bitcoin_close",17405,4387.59790662136,674.560351264122,4382.88,1,22.258642887918,4.71790662136482,0.0010764398343931,Inf,0,0,1,-100.384836821057,4737.82256345911,4063.26221219499
"bitcoin_close",17406,4469.86445171254,676.977957407636,4382.66,1,7604.61639848481,87.2044517125405,0.0198976082362174,Inf,0,0,1,-100.882032897863,4821.15146938805,4144.17351198042
"bitcoin_close",17407,4562.94560682358,693.516854021387,4579.02,1,258.386115990285,16.0743931764246,0.00351044397631471,Inf,0,0,1,-100.957014000152,4922.86091903745,4229.34406501606
"bitcoin_close",17408,4817.13134708197,508.554203452309,4565.3,1,63419.027373118,251.831347081967,0.0551620588092714,Inf,0,2,1,-101.92843472707,5078.11491611233,4569.56071266002
"bitcoin_close",17409,4590.13028524616,512.061821235867,4703.39,1,12827.7629861204,113.259714753836,0.0240804429898087,Inf,0,2,1,-103.645521662995,4853.29616973948,4341.23434850361
"bitcoin_close",17410,4722.57713694222,533.685401117109,4892.01,1,28707.4950839562,169.432863057779,0.0346346109386079,Inf,0,2,1,-104.076787490849,4996.9526190711,4463.26721795399
"bitcoin_close",17411,4969.38870058578,512.598047681551,4578.77,1,152582.96924732,390.618700585776,0.0853108368810347,Inf,0,3,1,-103.270737838972,5232.29271828326,4719.6946706017
"bitcoin_close",17412,4561.62374009277,498.423059565778,4582.96,1,455.235986828938,21.3362599072316,0.00465556319654363,Inf,0,3,1,-101.067390338093,4817.63768468073,4319.21462511495
"bitcoin_close",17413,4643.52367394162,508.329197415374,4236.31,1,165822.976245035,407.213673941624,0.096124616456686,Inf,0,0,1,-109.103710118853,4904.63895662996,4396.30975921458
"bitcoin_close",17414,4235.88700392755,534.380111363344,4376.53,1,19780.4523442362,140.642996072454,0.0321357322062121,Inf,0,0,1,-104.677731256942,4511.49556258118,3977.11545121783
"bitcoin_close",17415,4385.24883771613,436.608253210941,4597.12,1,44889.3894075184,211.871162283871,0.0460878032950784,Inf,0,2,1,-106.511982610184,4608.98335200826,4172.37509879732
"bitcoin_close",17416,4749.07825735523,490.395025336588,4599.88,1,22260.1199978368,149.198257355228,0.0324352499098298,Inf,0,2,1,-104.655333792528,5000.60139821817,4510.20637288158
"bitcoin_close",17417,4560.07802572161,595.341692104737,4228.75,1,109778.260628577,331.328025721606,0.0783512919235248,Inf,0,0,1,-104.473318841506,4867.45415965254,4272.11246754781
"bitcoin_close",17418,4234.39867051065,575.886686270737,4226.06,1,69.5334258852065,8.33867051065135,0.00197315478498918,Inf,0,0,1,-100.130422596564,4532.12093952296,3956.23425325222
"bitcoin_close",17419,4265.51414842728,552.968830387167,4122.94,1,20327.3877997631,142.574148427277,0.0345806993134212,Inf,0,0,1,-103.760312025794,4550.94982998854,3997.98099960137
"bitcoin_close",17420,4256.66690180561,529.437993255739,4161.27,1,9100.56887410981,95.3969018056132,0.022924948827068,Inf,1,0,0,-107.901776909339,4529.60929534636,4000.17130209062
"bitcoin_close",17421,4237.68996260926,503.344913471417,4130.81,1,11423.3264073561,106.879962609257,0.0258738510387205,Inf,1,0,0,-110.967967342938,4496.82913755193,3993.48422408052
"bitcoin_close",17422,4205.22854822557,491.525500608042,3882.59,1,104095.632801101,322.638548225566,0.0830987944195927,Inf,1,0,0,-113.919640937005,4458.16663315385,3966.64113254581
"bitcoin_close",17423,3892.22014968077,491.646892661238,3154.95,1,543567.273610312,737.270149680774,0.23368679366734,Inf,1,0,0,-109.930947453935,4145.79868475802,3654.15179209679
"bitcoin_close",17424,3105.7681622086,531.736414090135,3637.52,1,282760.016994537,531.751837791405,0.146185268477261,Inf,0,0,1,-86.8961040099448,3382.99537495239,2851.25896086225
"bitcoin_close",17425,3360.54545864964,516.715009332065,3625.04,1,69957.3624041398,264.494541350365,0.0729632062957553,Inf,1,0,0,-81.5056118365963,3628.81954715634,3112.10453782428
"bitcoin_close",17426,3443.67819265264,532.016747690383,3582.88,1,19377.1431687709,139.201807347358,0.0388519312249804,Inf,1,0,0,-81.6060330534159,3719.94525073034,3187.92850303996
"bitcoin_close",17427,3451.89538342926,534.310301762246,4065.2,1,376142.552706984,613.304616570741,0.150867021689152,Inf,1,0,0,-81.1240806938714,3729.3731701258,3195.06286836356
"bitcoin_close",17428,3531.05021334066,643.116940556664,3924.97,1,155172.798321737,393.919786659337,0.100362496187063,Inf,1,0,0,-78.524035367993,3867.21996835466,3224.103027798
"bitcoin_close",17429,3564.71943236347,672.937124056578,3905.95,1,116438.300289548,341.230567636529,0.0873617346961762,Inf,1,0,0,-78.0570285690431,3917.03216636534,3244.09504230876
"bitcoin_close",17430,3812.82869248307,741.801054100623,3631.04,1,33047.1287147055,181.788692483074,0.0500651858649515,Inf,1,0,0,-78.1823617488744,4201.72678768761,3459.92573358699
"bitcoin_close",17431,3704.46123889312,724.571406133231,3630.7,1,5440.72036304761,73.7612388931179,0.020315982838879,Inf,1,0,0,-76.1000435385193,4084.42003716956,3359.84863103633
"bitcoin_close",17432,3670.85591008323,718.511744620861,3792.4,1,14772.9657936961,121.544089916771,0.0320493855913857,Inf,1,0,0,-76.2002806792956,4047.64954630762,3329.13780168676
"bitcoin_close",17433,3674.64320701125,720.41771406212,3682.84,1,67.1874153003702,8.19679298874689,0.00222567176112644,Inf,1,0,0,-76.1188412323557,4052.46468775536,3332.04697369324
"bitcoin_close",17434,3437.76529782537,673.844318082969,3926.07,1,238441.482165855,488.304702174631,0.124374935285064,Inf,1,0,0,-75.6132488452015,3791.15822280226,3117.31390471929
"bitcoin_close",17435,3806.66860999104,795.866441008477,3892.35,1,7341.3005938683,85.6813900089646,0.0220127660690751,Inf,1,0,0,-75.1603694515598,4225.34445452025,3429.47801351177
"bitcoin_close",17436,3981.08443886913,833.415765320025,4200.67,1,48217.8186571588,219.585561130869,0.0522739375220785,Inf,1,0,0,-75.1248235900438,4419.54172493687,3586.12595961685
"bitcoin_close",17437,3963.42031438727,791.964227694908,4174.73,1,44651.7832337508,211.30968561273,0.0506163717444553,Inf,1,0,0,-74.1618533171953,4379.13443619025,3587.17020849534
"bitcoin_close",17438,4219.52239354806,799.980310043884,4163.07,1,3186.87273730527,56.452393548062,0.0135602796849589,Inf,1,0,0,-74.3247888346718,4638.42870639532,3838.44839635143
"bitcoin_close",17439,4330.74836274749,821.72689689501,4338.71,1,63.3876677406229,7.96163725251427,0.00183502406303124,Inf,1,0,0,-74.3247892074033,4761.05771476599,3939.33081787098
"bitcoin_close",17440,4272.39235776034,793.5211069431,4403.74,1,17252.2031219169,131.347642239657,0.0298263844458703,Inf,1,0,0,-73.8523948810997,4687.53617047135,3894.01506352825
"bitcoin_close",17441,4108.02537680877,745.438541223547,4409.32,1,90778.4499639437,301.294623191227,0.0683313125813566,Inf,1,0,0,-75.856780570303,4497.61831800557,3752.17977678202
"bitcoin_close",17442,4265.66699348243,789.13061421061,4317.48,1,2684.58764438995,51.8130065175719,0.0120007519473331,Inf,1,0,0,-75.9655553558604,4678.44166863309,3889.31105442248
"bitcoin_close",17443,4217.24926412791,772.062626046045,4229.36,1,146.669923363486,12.1107358720883,0.00286349137271084,Inf,1,0,0,-78.2254174998171,4620.91165730923,3848.84903126319
"bitcoin_close",17444,4215.61580964383,758.911559560199,4328.41,1,12722.5293781038,112.79419035617,0.0260590356172751,Inf,1,0,0,-78.2592315388268,4612.11491362581,3853.20335406561
"bitcoin_close",17445,4641.31493612925,812.040086799532,4370.81,1,73172.9204702879,270.504936129247,0.0618889716389518,Inf,1,0,0,-78.0051232732147,5065.06035359014,4253.02026679061
"bitcoin_close",17446,4691.52784442495,804.835203108822,4426.89,1,70033.1887018813,264.637844424945,0.0597796295875761,Inf,1,0,0,-78.1061675694893,5111.17257936493,4306.33737625611
"bitcoin_close",17447,4335.00102833397,738.823455164761,4610.48,1,75888.6638301728,275.478971666029,0.0597506055044223,Inf,1,0,0,-80.538787929847,4720.12419109131,3981.30073592655
"bitcoin_close",17448,4484.77447868266,779.333021772585,4772.02,1,82509.9895168703,287.24552131734,0.0601936960275397,Inf,1,0,0,-79.3090022950334,4891.33754666285,4112.00452489027
"bitcoin_close",17449,4232.32058920213,743.785502820005,4781.99,1,302136.461166875,549.669410797867,0.114945746602956,Inf,1,0,0,-78.3208865359241,4620.520975712,3876.735472892
"bitcoin_close",17450,4512.04058570286,712.362309594613,4826.48,1,98872.1452635265,314.439414297137,0.0651488070596246,Inf,1,3,0,-78.9643300754561,4882.25840359262,4169.89609399801
"bitcoin_close",17451,4655.37684800609,607.550082530758,5446.91,1,626524.730705417,791.533151993912,0.145317831943967,Inf,1,3,0,-78.2108732309878,4969.05240415034,4361.50232161959
"bitcoin_close",17452,4939.25125485669,943.341030128456,5647.21,1,501205.584824894,707.958745143313,0.125364338344654,Inf,1,0,1,-77.6542438790832,5433.39159079836,4490.05056066991
"bitcoin_close",17453,5653.11043994871,1040.26693208519,5831.79,1,31926.3851801224,178.67956005129,0.0306388878974191,Inf,0,0,1,-87.1284704716273,6197.12179338259,5156.8548612974
"bitcoin_close",17454,5824.91833369206,944.953423982784,5678.19,1,21529.2039080488,146.728333692061,0.0258406875592506,Inf,0,0,1,-95.3140864535685,6316.52563697107,5371.57221298828
"bitcoin_close",17455,5863.93100223124,956.30040257704,5725.59,1,19138.2328983452,138.341002231245,0.024161877156982,Inf,0,0,1,-94.9714185812629,6361.54330509528,5405.24290251824
"bitcoin_close",17456,6008.90318158097,983.329180825854,5605.51,1,162726.058946018,403.393181580971,0.0719636895806039,Inf,0,0,1,-95.0043756007239,6520.64887593564,5537.31969510979
"bitcoin_close",17457,5429.84301435539,772.866111611742,5590.69,1,25871.7527909585,160.846985644614,0.028770506975814,Inf,0,0,1,-103.743928932504,5830.0096068579,5057.14349524615
"bitcoin_close",17458,5507.07702817772,777.920696501079,5708.52,1,40579.2708965937,201.442971822285,0.0352881257878197,Inf,0,0,1,-104.561546014854,5909.75626431136,5131.83556781029
"bitcoin_close",17459,5735.03245508578,821.717400219886,6011.45,1,76406.6591364065,276.417544914223,0.0459818421369591,Inf,0,0,1,-104.284434784505,6160.58931400336,5338.87191378348
"bitcoin_close",17460,6014.19357228512,848.203797783141,6031.6,1,302.98372579328,17.4064277148782,0.00288587235806058,Inf,0,0,1,-106.119591009467,6453.23009006143,5605.02629227829
"bitcoin_close",17461,6000.11339693071,845.947021288397,6008.42,1,68.9996545507355,8.30660306928985,0.0013824937453257,Inf,0,0,1,-106.111601591791,6437.97703239995,5592.03001111155
"bitcoin_close",17462,6084.6562103896,833.882771407809,5930.32,1,23819.6658374242,154.336210389604,0.02602493801171,Inf,0,0,1,-107.488717783154,6515.86598908649,5681.98321767868
"bitcoin_close",17463,6084.00442410515,831.196152401145,5526.64,1,310655.10125806,557.364424105145,0.100850503037134,Inf,0,0,1,-108.008557506618,6513.78072297925,5682.58457057811
"bitcoin_close",17464,5475.84153730435,741.718657807806,5750.8,1,75602.1562079553,274.95846269565,0.0478122109438079,Inf,0,0,1,-107.345629420063,5859.24499169244,5117.52633388463
"bitcoin_close",17465,5661.05301414104,785.959252331849,5904.83,1,59427.2188344773,243.776985858955,0.0412843360196577,Inf,0,0,1,-106.244600503851,6067.65619981282,5281.69694748097
"bitcoin_close",17466,5768.35235067214,761.184713406395,5780.9,1,157.443503654996,12.547649327862,0.00217053561346192,Inf,0,0,1,-110.164796928093,6161.48669784849,5400.3019844421
"bitcoin_close",17467,5764.63992364898,756.511433405818,5753.09,1,133.400736297173,11.5499236489759,0.00200760350506874,Inf,0,0,1,-109.828858273559,6155.29222658807,5398.78079318225
"bitcoin_close",17468,5777.53520241434,758.225095225929,6153.85,1,141612.826881938,376.314797585663,0.0611511163882225,Inf,0,0,1,-109.816337070104,6169.07276672453,5410.8476714986
"bitcoin_close",17469,6117.36603154158,814.273955206269,6130.53,1,173.290065574174,13.1639684584161,0.00214728065247476,Inf,0,0,1,-107.609117594024,6538.03639631738,5723.76244111111
"bitcoin_close",17470,6084.68649165902,809.169809993716,6468.4,1,147236.056483344,383.713508340981,0.0593212399265632,Inf,0,0,1,-107.765087261153,6502.70745600623,5693.53764601251
"bitcoin_close",17471,6555.95552551433,917.497107617368,6767.31,1,44670.7138851133,211.354474485669,0.0312316820842652,Inf,0,0,1,-105.668633140349,7030.73478995856,6113.2376823412
"bitcoin_close",17472,6816.06556299155,961.418142758242,7078.5,1,68871.8337279402,262.434437008446,0.0370748657213317,Inf,0,0,1,-104.566465882562,7313.70482509546,6352.28668233722
"bitcoin_close",17473,6870.1797065408,970.329034868502,7207.76,1,113960.454532002,337.580293459203,0.046835673421313,Inf,0,0,1,-103.505772882228,7372.45381070067,6402.12477583217
"bitcoin_close",17474,7147.322629198,1022.52676899861,7379.95,1,54115.493646249,232.627370801995,0.0315215375174622,Inf,0,0,1,-103.642110611707,7676.8485674537,6654.32179845509
"bitcoin_close",17475,7456.22154486748,1080.16252727037,7407.41,1,2382.56691235026,48.8115448674826,0.00658955625076546,Inf,0,0,1,-103.340546639698,8015.83724530525,6935.67471803488
"bitcoin_close",17476,7177.93047985352,1030.14983482805,7022.76,1,24077.8778179712,155.170479853518,0.0220953698906866,Inf,0,0,1,-103.437222325381,7711.46207654875,6681.31224172071
"bitcoin_close",17477,7044.36162725247,1007.72143974049,7144.38,1,10003.674887063,100.018372747526,0.0139995874726045,Inf,0,0,1,-102.671175687877,7566.21913335616,6558.49769361567
"bitcoin_close",17478,7190.26066409096,998.041397432759,7459.69,1,72592.1670483872,269.429335909042,0.0361180338471225,Inf,0,0,1,-103.241806138322,7706.57715533336,6708.5357579006
"bitcoin_close",17479,7214.59460150995,1014.08693639574,7143.58,1,5043.07362761633,71.0146015099454,0.0099410381783287,Inf,0,0,1,-102.062763995764,7739.43369154579,6725.34675515005
"bitcoin_close",17480,7139.20789616925,999.445287735066,6618.14,1,271511.752418247,521.067896169248,0.0787332839996205,Inf,0,0,1,-100.972646543923,7656.39869532601,6656.95340759095
"bitcoin_close",17481,6631.18738769434,783.495136472035,6357.6,1,74850.0587054139,273.587387694341,0.0430331237722319,Inf,0,0,1,-106.770235889687,7034.49642152976,6251.00128505773
"bitcoin_close",17482,6515.73126275522,791.779898358701,5950.07,1,319972.664181827,565.661262755218,0.0950680013437183,Inf,0,0,1,-106.545479262175,6923.63709044539,6131.85719208669
"bitcoin_close",17483,5644.01287041449,569.616044630032,6559.49,1,838098.374794128,915.477129585512,0.139565290835951,Inf,2,1,0,-106.403842878514,5936.0023112224,5366.38626659236
"bitcoin_close",17484,6663.2281115816,1026.15271496216,6635.75,1,755.046616090731,27.4781115815977,0.00414092025492185,Inf,0,0,1,-98.8561614290757,7196.02901447165,6169.87629950949
"bitcoin_close",17485,6324.44765210953,968.588804155495,7315.54,1,982264.042047042,991.092347890469,0.135477674633789,Inf,0,0,1,-98.8203278121262,6827.25736682519,5858.66856266969
"bitcoin_close",17486,7440.5546205833,1306.72330587711,7871.69,1,185877.715384779,431.135379416697,0.0547703707103172,Inf,0,0,1,-94.1803472368139,8122.54731882036,6815.82401294324
"bitcoin_close",17487,7519.81486903225,1339.18017220769,7708.99,1,35787.2301766641,189.175130967747,0.0245395481078256,Inf,0,0,1,-91.7484239165751,8219.15739475983,6879.97722255213
"bitcoin_close",17488,7671.00526735045,1370.15085469607,7790.15,1,14195.4673181319,119.144732649546,0.0152942796543772,Inf,0,0,1,-91.7479060207506,8386.61099844517,7016.4601437491
"bitcoin_close",17489,7836.14591929203,1365.41114780744,8036.49,1,40137.7506747225,200.344080707972,0.0249293013128832,Inf,0,0,1,-92.8853578554718,8548.53482256379,7183.12367475635
"bitcoin_close",17490,8040.93167862672,1407.87573416329,8200.64,1,25506.7479158713,159.708321373281,0.0194751045495573,Inf,0,0,1,-92.4550931824151,8775.62361301193,7367.74787884864
"bitcoin_close",17491,8292.55544688347,1454.73085434223,8071.26,1,48971.6748113533,221.295446883467,0.0274177076297216,Inf,0,0,1,-92.2799710739604,9051.75947744772,7597.02862310548
"bitcoin_close",17492,7824.91877821927,1373.82269167666,8253.55,1,183724.724285244,428.631221780734,0.0519329527028653,Inf,0,0,1,-92.2437861062714,8541.92255415432,7168.09986247767
"bitcoin_close",17493,8263.299827893,1408.83965894695,8038.77,1,50413.6436136604,224.529827893,0.0279308685150838,Inf,0,0,1,-94.2933288993937,8997.69007358176,7588.85041463481
"bitcoin_close",17494,8096.64582677422,1332.63464475054,8253.69,1,24662.8723441692,157.044173225781,0.0190271470367534,Inf,0,0,1,-94.7170173418133,8790.33433480931,7457.69969005877
"bitcoin_close",17495,8177.08423254308,1334.22715418118,8790.92,1,376794.349409426,613.83576745692,0.0698261123360149,Inf,0,0,1,-94.718223901799,8871.36534497554,7537.13819079436
"bitcoin_close",17496,8634.22221162307,1469.03429475041,9330.55,1,484872.388865904,696.327788376928,0.0746288041301882,Inf,0,0,1,-93.0664396760985,9399.92588784864,7930.89159309823
"bitcoin_close",17497,9679.9537922162,1726.45317093957,9818.35,1,19153.5103289359,138.396207783797,0.0140956685984709,Inf,0,0,1,-91.5039660480789,10581.5940181872,8855.14084724764
"bitcoin_close",17498,9894.36556561453,1587.88334718599,10058.8,1,27038.6832116688,164.434434385468,0.0163473211899499,Inf,1,0,1,-93.2489562526661,10720.1097825405,9132.22643535449
"bitcoin_close",17499,10242.0023367845,1629.09805648065,9888.61,1,124886.143698036,353.392336784538,0.0357373115922802,Inf,1,0,1,-93.4614293957637,11088.8909529627,9459.79289648202
"bitcoin_close",17500,10482.5384895344,1661.4547340388,10233.6,1,61970.3715716591,248.938489534381,0.0243256028703859,Inf,1,0,1,-93.9048190563994,11346.1313603467,9684.67662630795
"bitcoin_close",17501,9870.42801375671,1625.11624336958,10975.6,1,1221405.11917694,1105.17198624329,0.100693537140866,Inf,0,0,1,-93.6610814457536,10716.3755612315,9091.2593178619
"bitcoin_close",17502,11284.0390952274,1881.55581432177,11074.6,1,43864.7346096722,209.439095227401,0.0189116622927601,Inf,1,0,1,-92.6304435724818,12263.9665646558,10382.4107503341
"bitcoin_close",17503,11122.7702249613,1860.67086136615,11323.2,1,40172.0947220557,200.42977503868,0.0177008067541578,Inf,1,0,1,-92.629649505652,12091.9455963747,10231.2747350085
"bitcoin_close",17504,11071.7854705833,1855.45198869851,11657.2,1,342710.171252192,585.414529416714,0.050219137478701,Inf,1,0,1,-92.6892346853786,12038.3114436949,10182.8594549964
"bitcoin_close",17505,11718.9743977128,1978.82615979504,11916.7,1,39095.4137998427,197.725602287217,0.0165923118218313,Inf,1,0,1,-92.6260609382805,12750.0805429678,10771.2543831728
"bitcoin_close",17506,12008.4900972355,1924.18863463946,14291.5,1,5212134.21612066,2283.00990276448,0.159745996065107,Inf,1,0,1,-94.2761227990556,13009.0632261707,11084.8745915313
"bitcoin_close",17507,14704.484466521,2510.42878645904,17899.7,1,10209402.3053858,3195.21553347905,0.178506652819827,Inf,0,2,1,-81.810425764287,16013.1758581178,13502.7470716587
"bitcoin_close",17508,20729.4303265558,3656.29267693672,16569.4,1,17305852.317864,4160.03032655581,0.251067046878934,Inf,0,3,1,-79.4609009865191,22638.0334284645,18981.7407515278
"bitcoin_close",17509,15924.7485567215,3749.01655954184,15178.2,1,557334.747543012,746.548556721538,0.0491855791017076,Inf,0,1,1,-69.6370179227024,17909.2018498313,14160.1852902894
"bitcoin_close",17510,15512.3099888412,2967.14133969257,15455.4,1,3238.74682990159,56.9099888411656,0.00368220743825237,Inf,1,1,1,-71.2147328824125,17066.6622476536,14099.520907961
"bitcoin_close",17511,15892.7101567621,3034.00816965596,16936.8,1,1090123.60075247,1044.08984323787,0.0616462285223812,Inf,1,1,1,-71.5046189169264,17481.9512353899,14447.9430657339
"bitcoin_close",17512,19215.7543689794,3630.99218282767,17415.4,1,3241275.8539033,1800.35436897942,0.103377147178901,Inf,0,1,1,-74.0611306082064,21116.8235594118,17485.8313765841
"bitcoin_close",17513,16732.8657770102,3200.66695047657,16408.2,1,105407.866761608,324.665777010156,0.0197868003199715,Inf,0,1,1,-76.8493523640417,18409.5530985107,15208.8861480341
"bitcoin_close",17514,15791.0718116257,3010.89816720931,16564,1,597417.984383508,772.928188374255,0.0466631362215802,Inf,0,1,1,-76.4409541954653,17368.1199149384,14357.2217477291
"bitcoin_close",17515,17404.4649620744,3254.77758951615,17706.9,1,91466.9521650829,302.435037925639,0.0170800669753395,Inf,0,1,1,-76.4266703339834,19107.7719400263,15852.9943505102
"bitcoin_close",17516,17985.9264912266,3356.51027093402,19497.4,1,2284552.16772381,1511.47350877341,0.0775217982281438,Inf,0,1,1,-78.4612102727011,19742.3103847051,16385.8001137711
"bitcoin_close",17517,20352.7869846827,3919.797372826,19140.8,1,1468912.45104015,1211.98698468265,0.063319557420936,Inf,0,1,1,-77.4846633505471,22406.8334421379,18487.0360693119
"bitcoin_close",17518,18580.670587801,3649.92392095023,19114.2,1,284653.633681388,533.529412198979,0.0279127252094767,Inf,0,1,1,-76.3089956478602,20495.039776316,16845.1158553658
"bitcoin_close",17519,19586.6958299647,3860.4036576222,17776.7,1,3276084.90448946,1809.99582996466,0.101818438178327,Inf,0,1,1,-75.7154203741747,21611.7752576684,17751.3716000462
"bitcoin_close",17520,17256.0197323374,3834.61149782856,16624.6,1,398690.878384987,631.419732337363,0.0379810481056605,Inf,0,1,1,-73.658430422115,19279.5140859213,15444.9025880927
"bitcoin_close",17521,16174.4231514996,3540.21422162182,15802.9,1,138029.452100204,371.523151499612,0.0235098084212146,Inf,0,1,1,-74.1212668256344,18041.1010407314,14500.8868191096
"bitcoin_close",17522,15651.1980692565,3421.8869562597,13831.8,1,3310209.33441427,1819.3980692565,0.131537332036069,Inf,0,1,1,-73.9318467830924,17455.3814988549,14033.4945425952
"bitcoin_close",17523,13233.6743560623,3118.0692982822,14699.2,1,2147765.41303888,1465.52564393766,0.0997010479439463,Inf,0,1,1,-71.6804948514692,14884.226054878,11766.1567565958
"bitcoin_close",17524,14663.2896541508,3597.78043855819,13925.8,1,543890.989979414,737.489654150764,0.0529585125558865,Inf,0,1,1,-68.0197378496068,16572.1115843891,12974.3311458309
"bitcoin_close",17525,14220.0579959139,3425.76625433221,14026.6,1,37425.9961830229,193.457995913901,0.0137922230557584,Inf,0,1,1,-65.235674572063,16035.7326346658,12609.9663803336
"bitcoin_close",17526,12761.1816620602,2948.54923773073,16099.8,1,11146372.4064277,3338.61833793976,0.207370174656813,Inf,0,1,1,-65.1684205699319,14320.3340560598,11371.7848183291
"bitcoin_close",17527,14013.3515873926,3528.38111385744,15838.5,1,3331166.72804321,1825.14841260737,0.115234928345953,Inf,1,1,1,-63.7445819133742,15888.1556883299,12359.7745744724
"bitcoin_close",17528,15368.6819593311,3806.12384026389,14606.5,1,580921.339129727,762.181959331056,0.0521810125171024,Inf,1,1,1,-63.7382394437749,17389.1211295927,13582.9972893288
"bitcoin_close",17529,12856.2407476039,3171.06466326968,14656.2,1,3239853.31028639,1799.95925239612,0.122812137688904,Inf,1,1,1,-62.4674652012936,14539.1742494512,11368.1095861816
"bitcoin_close",17530,15631.8612169471,3996.51805182556,12952.2,1,7180584.23761041,2679.6612169471,0.206888499015387,Inf,1,1,1,-62.1900630207958,17757.323853514,13760.8058016884
"bitcoin_close",17531,12662.0585030527,3773.45637329776,14156.4,1,2233056.50949863,1494.34149694728,0.105559428735221,Inf,0,1,1,-59.594196392088,14688.5823017771,10915.1259284793
"bitcoin_close",17532,14158.6126582219,4338.16470783753,13657.2,1,251414.653825122,501.412658221871,0.0367141623628467,Inf,0,0,1,-58.1756577141558,16492.8818032144,12154.7170953769
"bitcoin_close",17533,13154.3756632693,4039.48994848351,14982.1,1,3340576.25107776,1827.72433673072,0.121993868465083,Inf,0,0,1,-58.067045667417,15328.2749025015,11288.784954018
"bitcoin_close",17534,15901.5270115193,4783.01518256543,15201,1,490738.093868164,700.527011519302,0.0460842715294587,Inf,0,0,1,-57.0332276755879,18471.8642371174,13688.849054552
"bitcoin_close",17535,14872.0359017193,4033.35043298356,15599.2,1,528767.62582836,727.164098280684,0.0466154737602367,Inf,1,0,0,-57.3379511643026,17024.8206978909,12991.4702649073
"bitcoin_close",17536,15211.4229016675,3789.26305553613,17429.5,1,4919866.01414721,2218.07709833252,0.127259938514158,Inf,1,0,0,-64.0333457080152,17223.5915485714,13434.3284930353
"bitcoin_close",17537,16969.1137729988,4169.30691966064,17527,1,311237.042277622,557.886227001189,0.0318301036686934,Inf,1,0,0,-69.3561469806112,19181.3374157488,15012.0304960882
"bitcoin_close",17538,17431.7925728396,4036.52792343782,16477.6,1,910483.466062245,954.192572839595,0.0579084680317276,Inf,1,0,0,-70.7930675308651,19566.5055181165,15529.9775946787
"bitcoin_close",17539,16682.6984975679,3759.18165213312,15170.1,1,2287954.21484468,1512.5984975679,0.0997091975377818,Inf,1,0,0,-71.7557412500637,18667.8394194782,14908.6577673451
"bitcoin_close",17540,16016.0980471719,3696.76046156252,14595.4,1,2018382.94123816,1420.69804717194,0.0973387537972195,Inf,1,0,0,-70.6363163212735,17970.7840879661,14274.0236264036
"bitcoin_close",17541,14547.8720420845,3362.44769393011,14973.3,1,180988.947376139,425.427957915485,0.0284124380006735,Inf,1,0,0,-71.4224906692981,16325.9189471188,12963.4712531887
"bitcoin_close",17542,15128.8449569639,3499.78501046404,13405.8,1,2968883.92371889,1723.04495696395,0.128529812242757,Inf,1,0,0,-71.4210656524085,16979.6027293867,13479.8177189226
"bitcoin_close",17543,13305.7514332817,3205.29246559338,13980.6,1,455420.588001711,674.848566718276,0.0482703579759292,Inf,1,0,0,-69.2107264707473,15004.5675932501,11799.2751276567
"bitcoin_close",17544,14200.0592153725,3420.5614283479,14360.2,1,25645.0709011206,160.140784627529,0.0111517099084643,Inf,1,0,0,-69.193159456844,16012.9637436394,12592.4023152915
"bitcoin_close",17545,14421.5606980815,3450.52321753219,13772,1,421929.10049216,649.560698081526,0.0471653135406278,Inf,1,0,0,-69.5203963413116,16249.6528382508,12799.1296207186
"bitcoin_close",17546,13900.1902558836,3584.51376711975,13819.8,1,6462.59324103416,80.3902558836216,0.00581703468093761,Inf,0,0,1,-70.5535455245997,15807.515492891,12223.0017257712
"bitcoin_close",17547,12384.6832668577,3183.83660795963,11490.5,1,799563.714728258,894.183266857672,0.0778193522351222,Inf,0,0,1,-70.6224907515054,14078.494436248,10894.6578282884
"bitcoin_close",17548,11459.8309673808,2975.29247225683,11188.6,1,73566.2376663184,271.230967380789,0.0242417252722225,Inf,0,0,1,-64.2283855764667,13043.6324391665,10068.3399669097
"bitcoin_close",17549,11166.4136163869,2889.13072487366,11474.9,1,95163.8488746847,308.486383613093,0.0268835792567337,Inf,0,0,1,-65.0056838837935,12704.0308088327,9814.90008395906
"bitcoin_close",17550,11922.1608510816,2995.02388911661,11607.4,1,99074.3933735919,314.760851081566,0.0271172571877911,Inf,0,0,1,-65.6797638150073,13513.354045017,10518.3301559004
"bitcoin_close",17551,11594.9076363995,2838.92644494654,12899.2,1,1701178.56974657,1304.2923636005,0.101114205811252,Inf,0,0,1,-66.1146660381972,13100.9339747625,10262.007529816
"bitcoin_close",17552,12214.1155480439,2488.00872799798,11600.1,1,377015.093239598,614.015548043857,0.0529319185217246,Inf,1,0,0,-68.4246726573468,13521.3072224698,11033.2984944718
"bitcoin_close",17553,11709.1640891992,3028.40936551655,10931.4,1,604916.978447869,777.764089199205,0.0711495406991973,Inf,0,0,1,-65.9434502497304,13320.8697279384,10292.4603624219
"bitcoin_close",17554,10692.6936735833,2767.74892788024,10868.4,1,30872.7131428593,175.706326416721,0.0161667151021973,Inf,0,0,1,-65.83573175774,12165.7484443312,9397.99951645092
"bitcoin_close",17555,11312.5505634177,2926.12030422276,11359.4,1,2194.86970808004,46.8494365823117,0.0041242879537926,Inf,0,0,1,-65.839045146705,12869.8276722539,9943.70736803113
"bitcoin_close",17556,11284.2549419276,2684.3991051767,11259.4,1,617.76813822566,24.854941927626,0.00220748369607848,Inf,0,0,1,-69.0458992366309,12705.9977395233,10021.5986343466
"bitcoin_close",17557,11505.7177750491,2737.12439462551,11171.4,1,111768.374713777,334.317775049094,0.0299262200842414,Inf,0,0,1,-69.0836234641446,12955.386784187,10218.2623895615
"bitcoin_close",17558,11168.8708187259,2472.62557517391,11440.7,1,73891.103792147,271.829181274099,0.0237598382331587,Inf,0,0,1,-70.4068563892312,12473.4006965667,10000.7751213928
"bitcoin_close",17559,11429.7126168631,2525.86243592595,11786.3,1,127154.561812387,356.58738313685,0.0302543956234654,Inf,0,0,1,-70.2912296305483,12762.206228388,10236.3437924621
"bitcoin_close",17560,9634.90614476819,2030.49575551343,11296.4,1,2760561.83097308,1661.49385523181,0.147081712335949,Inf,0,0,1,-73.4440548550332,10703.4956384089,8672.99988289542
"bitcoin_close",17561,11282.4086309421,2437.36746796747,10106.3,1,1383231.5117765,1176.1086309421,0.116373809499233,Inf,0,0,1,-74.8916298790463,12566.7203288769,10129.3528609094
"bitcoin_close",17562,10566.2960234616,2368.16576346387,10221.1,1,119160.294613678,345.196023461565,0.0337728838834925,Inf,0,0,1,-72.3085937025646,11816.5174066293,9448.35164316547
"bitcoin_close",17563,10794.3800561532,1738.60379700029,9170.54,1,2636856.52796763,1623.8400561532,0.177071367242627,Inf,0,5,1,-75.0929205750772,11698.629051533,9960.02525453268
"bitcoin_close",17564,8085.51726988775,1892.61820700183,8830.75,1,555371.822030557,745.23273011225,0.0843906497310251,Inf,0,0,1,-71.6251141270062,9087.01487394992,7194.39666694809
"bitcoin_close",17565,8751.69143978168,2081.26120474342,9174.91,1,179113.949713266,423.218560218318,0.0461278159914722,Inf,0,0,1,-71.4610573092891,9853.97361780805,7772.71241306463
"bitcoin_close",17566,9589.213044641,2099.12418281563,8277.01,1,1721876.83036512,1312.203044641,0.158535877646759,Inf,0,0,1,-73.9057671991607,10696.0426620218,8596.91847920619
"bitcoin_close",17567,6755.50614530971,1614.30353509635,6955.27,1,39905.5976407251,199.763854690294,0.028721222136638,Inf,0,0,1,-71.5196853774072,7610.70651893905,5996.4029838427
"bitcoin_close",17568,7047.55829361117,1642.85400349018,7754,1,499059.884525563,706.44170638883,0.091106745729795,Inf,0,0,1,-66.2905232830646,7916.69445414204,6273.84045065186
"bitcoin_close",17569,7827.28112832183,1838.45154723762,7621.3,1,42428.2252247352,205.981128321832,0.0270270332255432,Inf,0,0,1,-65.4031793296753,8800.29840903261,6961.84686179499
"bitcoin_close",17570,7301.53958067368,1717.70532957175,8265.59,1,929393.211003253,964.05041932632,0.116634193000901,Inf,0,0,1,-65.6132798783589,8210.73053019919,6493.02520062744
"bitcoin_close",17571,8394.55883658746,2038.76348037223,8736.98,1,117252.2531528,342.421163412544,0.0391921651889491,Inf,0,0,1,-64.5836563121389,9475.6076828365,7436.84420246427
"bitcoin_close",17572,8819.52989994465,2053.83668708763,8621.9,1,39057.5773521316,197.629899944648,0.0229218501658159,Inf,0,0,1,-66.1877145831994,9906.03254149872,7852.19585441109
"bitcoin_close",17573,8628.07642402601,1964.09927636498,8129.97,1,248110.00965598,498.10642402601,0.0612679289131461,Inf,0,0,1,-66.4750828136911,9665.83477317333,7701.73549680835
"bitcoin_close",17574,8280.56275017675,1914.84889211033,8926.57,1,417325.366824193,646.007249823246,0.0723690342229149,Inf,0,0,1,-65.9817730886825,9293.15363008693,7378.3047379766
"bitcoin_close",17575,9126.26277624125,2141.62329900532,8598.31,1,278734.133940846,527.952776241253,0.0614019238944924,Inf,0,0,1,-64.7575347271081,10259.6804509231,8118.05715191775
"bitcoin_close",17576,9670.18802711813,2295.48739710789,9494.63,1,30820.6208856113,175.558027118133,0.0184902441820412,Inf,0,0,1,-64.5197803496937,10885.8057273864,8590.31833027854
"bitcoin_close",17577,9592.39547524579,2069.74047260323,10166.4,1,329481.194438308,574.004524754211,0.0564609423939852,Inf,0,0,1,-68.9677445330052,10682.927416869,8613.18694426582
"bitcoin_close",17578,10082.8537865849,2206.38288917364,10233.9,1,22814.9585870252,151.046213415051,0.0147593989989204,Inf,0,0,1,-68.1919222360532,11246.2172182433,9039.83432906968
"bitcoin_close",17579,10345.9595462155,2218.61569579745,11112.7,1,587890.923469705,766.740453784529,0.0689967743018824,Inf,0,0,1,-68.3069701755124,11514.5681922311,9295.95249643369
"bitcoin_close",17580,10822.7014218742,2367.53535232402,10551.8,1,73387.5803734542,270.901421874183,0.0256734795839746,Inf,0,0,1,-67.0446262734914,12071.0158123148,9703.48045999083
"bitcoin_close",17581,10772.995566405,2219.57300016749,11225.3,1,204579.300649738,452.304433595049,0.0402933047308356,Inf,0,0,1,-68.6575479339604,11939.7938661731,9720.22086600557
