currency,train_start,forecast_actual,volatility,actual_val,num_forecast_vals,mspe,mae,mape,pm,optimal_p,optimal_q,optimal_d,optimal_aic
dji,7/1/2017,21229.13095,178.8994331,21479.26953,1,62569.3113,250.1385842,0.011645582,Inf,3,4,0,-276.395234
bitcoin,7/1/2017,2513.243275,372.5474515,2434.55,1,6192.631597,78.69327543,0.03232354,Inf,1,0,0,-104.2173956
ethereum,7/1/2017,294.92,80.25608298,274.6,1,412.9024,20.32,0.073998543,Inf,0,0,1,-70.45571592
dji,7/2/2017,21420.24378,224.5106446,21479.26953,1,3484.039386,59.02575189,0.002748033,Inf,5,4,0,-266.0419089
bitcoin,7/2/2017,2481.341094,363.4941965,2506.47,1,631.4618948,25.12890556,0.010025616,Inf,1,0,0,-104.9483688
ethereum,7/2/2017,274.6,76.08081125,287.99,1,179.2921,13.39,0.04649467,Inf,0,0,1,-69.42036745
dji,7/3/2017,21388.84148,226.4483794,21479.26953,1,8177.231988,90.42804868,0.004210015,Inf,5,3,0,-265.6297841
bitcoin,7/3/2017,2538.909269,370.5553762,2564.06,1,632.5592564,25.15073073,0.009808948,Inf,1,0,0,-105.2283468
ethereum,7/3/2017,287.99,80.4184455,282.9,1,25.9081,5.09,0.017992223,Inf,0,0,1,-68.96869809
dji,7/4/2017,21437.03504,222.9426424,21478.16992,1,1692.078367,41.13488017,0.001915195,Inf,5,4,0,-265.5027079
bitcoin,7/4/2017,2582.15309,376.8690781,2601.64,1,379.7396521,19.48690976,0.007490241,Inf,1,0,0,-105.2605879
ethereum,7/4/2017,282.9,76.88976885,273.3,1,92.16,9.6,0.035126235,Inf,0,0,1,-70.52714563
dji,7/5/2017,21482.87794,226.6954107,21478.16992,1,22.16547192,4.708022082,0.0002192,Inf,5,4,0,-265.136674
bitcoin,7/5/2017,2612.847044,363.8473778,2601.99,1,117.8754007,10.85704383,0.004172592,Inf,1,0,0,-108.0408031
ethereum,7/5/2017,273.3,74.5581449,268.77,1,20.5209,4.53,0.01685456,Inf,0,0,1,-70.31213301
dji,7/6/2017,21485.8217,233.9913256,21320.03906,1,27483.88246,165.7826362,0.007775907,Inf,2,5,0,-265.2081304
bitcoin,7/6/2017,2614.390078,354.9010237,2608.56,1,33.98981243,5.830078253,0.00223498,Inf,1,0,0,-109.4361205
ethereum,7/6/2017,268.77,72.35954995,270.55,1,3.1684,1.78,0.006579191,Inf,0,0,1,-71.07413249
dji,7/7/2017,21385.52011,223.0356644,21414.33984,1,830.5767914,28.8197292,0.001345815,Inf,4,5,0,-264.8333668
bitcoin,7/7/2017,2615.608491,339.7988665,2518.66,1,9399.009829,96.9484906,0.038492091,Inf,1,0,0,-112.1470572
ethereum,7/7/2017,270.55,72.6886621,245.99,1,603.1936,24.56,0.099841457,Inf,0,0,1,-71.1930719
dji,7/8/2017,21335.56522,226.7296311,21408.51953,1,5322.331165,72.95430875,0.003407723,Inf,3,5,0,-265.5039711
bitcoin,7/8/2017,2547.224797,337.3108805,2571.34,1,581.543034,24.11520338,0.009378458,Inf,1,0,0,-110.9701267
ethereum,7/8/2017,245.99,68.23239083,251.7,1,32.6041,5.71,0.022685737,Inf,0,0,1,-69.35420867
dji,7/9/2017,21344.13275,197.7104196,21408.51953,1,4145.657333,64.38677918,0.003007531,Inf,5,4,0,-272.0075903
bitcoin,7/9/2017,2586.566946,342.314927,2518.44,1,4641.280793,68.12694616,0.027051248,Inf,1,0,0,-111.065594
ethereum,7/9/2017,251.7,68.60443317,242.14,1,91.3936,9.56,0.039481292,Inf,0,0,1,-70.36343413
dji,7/10/2017,21365.18325,195.9487086,21408.51953,1,1878.033583,43.33628483,0.002024254,Inf,4,4,0,-270.9782664
bitcoin,7/10/2017,2545.161071,339.2080248,2372.56,1,29791.12962,172.6010707,0.072748875,Inf,1,0,0,-110.5627944
ethereum,7/10/2017,242.14,58.07756398,215.36,1,717.1684,26.78,0.124349926,Inf,0,0,1,-77.73904923
dji,7/11/2017,21391.36301,171.3097484,21409.07031,1,313.5486408,17.70730473,0.000827094,Inf,5,5,0,-276.9429504
bitcoin,7/11/2017,2441.028611,343.4779988,2337.79,1,10658.2107,103.2386105,0.044160772,Inf,1,0,0,-107.4797002
ethereum,7/11/2017,215.36,54.83919444,197.4,1,322.5616,17.96,0.090982776,Inf,0,0,1,-74.28634174
dji,7/12/2017,21404.86653,157.3995457,21532.14063,1,16198.69631,127.2740991,0.005910889,Inf,5,5,0,-282.0771332
bitcoin,7/12/2017,2405.363366,280.9015906,2398.84,1,42.55430802,6.52336631,0.002719384,Inf,1,0,0,-118.6459538
ethereum,7/12/2017,197.4,46.05307886,230.77,1,1113.5569,33.37,0.144602851,Inf,0,0,1,-79.33828244
dji,7/13/2017,21406.35455,168.2760818,21553.08984,1,21531.24659,146.7352943,0.006808086,Inf,5,5,0,-279.9790843
bitcoin,7/13/2017,2446.568701,285.624598,2357.9,1,7862.138527,88.66870094,0.037604945,Inf,1,0,0,-118.6440516
ethereum,7/13/2017,230.77,59.92610901,209.73,1,442.6816,21.04,0.100319458,Inf,0,0,1,-73.15592612
dji,7/14/2017,21486.78457,196.787487,21637.74023,1,22787.61263,150.9556644,0.006976499,Inf,5,4,0,-274.0405525
bitcoin,7/14/2017,2395.482836,251.6667358,2233.34,1,26290.29942,162.1428365,0.072601053,Inf,1,0,0,-124.7224058
ethereum,7/14/2017,209.73,54.19553407,199.66,1,101.4049,10.07,0.050435741,Inf,0,0,1,-73.43931896
dji,7/15/2017,21543.40286,208.2585308,21629.7207,1,7450.768779,86.31783581,0.003990705,Inf,5,5,0,-269.8975351
bitcoin,7/15/2017,2268.952123,258.6348051,1998.86,1,72949.75467,270.0921226,0.135123081,Inf,1,0,0,-119.4377197
ethereum,7/15/2017,199.66,52.07906442,170.66,1,841,29,0.169928513,Inf,0,0,1,-72.89889772
dji,7/16/2017,21514.78567,212.6282946,21629.7207,1,13210.06042,114.935027,0.005313755,Inf,5,4,0,-268.7665396
bitcoin,7/16/2017,1998.86,283.5512383,1929.82,1,4766.5216,69.04,0.035775357,Inf,0,0,1,-108.111054
ethereum,7/16/2017,170.66,48.56292273,157.36,1,176.89,13.3,0.084519573,Inf,0,0,1,-67.88142528
dji,7/17/2017,21545.5892,202.3203187,21629.7207,1,7078.110027,84.13150437,0.003889625,Inf,3,5,0,-272.1626516
bitcoin,7/17/2017,1927.452163,253.9104593,2228.41,1,90575.61994,300.9578375,0.135054966,Inf,0,1,1,-109.9832637
ethereum,7/17/2017,157.36,45.65827971,193.42,1,1300.3236,36.06,0.186433668,Inf,0,0,1,-66.76029631
dji,7/18/2017,21569.50464,197.9623132,21574.73047,1,27.3092541,5.225825686,0.00024222,Inf,5,5,0,-272.393419
bitcoin,7/18/2017,2470.65772,311.7533912,2318.88,1,23036.47627,151.77772,0.065453029,Inf,0,3,0,-103.787339
ethereum,7/18/2017,193.42,63.22853956,234.39,1,1678.5409,40.97,0.174794147,Inf,0,0,1,-59.89805722
dji,7/19/2017,21588.25839,210.1725476,21640.75,1,2755.368687,52.49160588,0.002425591,Inf,5,5,0,-270.1419981
bitcoin,7/19/2017,2384.018142,318.8804575,2273.43,1,12229.73704,110.5881415,0.048643742,Inf,0,3,0,-100.3110719
ethereum,7/19/2017,234.39,83.46125827,199.7,1,1203.3961,34.69,0.173710566,Inf,0,0,1,-54.9859603
dji,7/20/2017,21568.59767,195.6678911,21611.7793,1,1864.653557,43.18163448,0.00199806,Inf,5,5,0,-272.621628
bitcoin,7/20/2017,2224.778893,336.7121292,2817.6,1,351436.8654,592.8211075,0.210399314,Inf,2,0,1,-99.18620729
ethereum,7/20/2017,181.6293397,62.039758,227.26,1,2082.157155,45.63066025,0.200786149,Inf,2,0,1,-52.16822597
dji,7/21/2017,21608.60706,166.4733844,21580.07031,1,814.3462494,28.53675261,0.001322366,Inf,5,5,0,-279.0844349
bitcoin,7/21/2017,3024.839251,623.3980465,2667.76,1,127505.5916,357.0792511,0.133849841,Inf,1,1,0,-81.18437122
ethereum,7/21/2017,227.26,87.15020145,218.31,1,80.1025,8.95,0.040996748,Inf,0,0,1,-50.73349563
dji,7/22/2017,21538.84336,161.6246847,21513.16992,1,659.1254001,25.67343764,0.001193382,Inf,5,5,0,-280.4796323
bitcoin,7/22/2017,2623.893371,573.8620069,2810.12,1,34680.35717,186.2266285,0.066269992,Inf,1,0,0,-80.88789513
ethereum,7/22/2017,218.31,83.96676047,229.48,1,124.7689,11.17,0.048675266,Inf,0,0,1,-50.56349257
dji,7/23/2017,21529.74751,162.2864398,21513.16992,1,274.8164875,16.57758992,0.000770579,Inf,5,5,0,-280.1846252
bitcoin,7/23/2017,2739.500217,612.5929711,2730.4,1,82.81395835,9.100217489,0.003332925,Inf,1,0,0,-79.49154235
ethereum,7/23/2017,229.48,88.6249072,225.95,1,12.4609,3.53,0.015622925,Inf,0,0,1,-50.32901007
dji,7/24/2017,21497.89922,162.4061267,21513.16992,1,233.1943997,15.27070397,0.00070983,Inf,5,5,0,-280.2445225
bitcoin,7/24/2017,2670.898779,586.4845687,2754.86,1,7049.486624,83.96122095,0.030477491,Inf,1,0,0,-80.63387361
ethereum,7/24/2017,225.95,86.83160627,224.71,1,1.5376,1.24,0.005518223,Inf,0,0,1,-50.61208632
dji,7/25/2017,21452.10138,162.2402418,21613.42969,1,26026.82211,161.3283054,0.007464262,Inf,5,5,0,-280.1468275
bitcoin,7/25/2017,2692.837696,593.0603709,2576.48,1,13539.11338,116.3576958,0.045161498,Inf,1,0,0,-80.42210667
ethereum,7/25/2017,224.71,85.68145579,206.71,1,324,18,0.087078516,Inf,0,0,1,-51.06089487
dji,7/26/2017,21589.81782,185.906672,21711.00977,1,14687.48808,121.1919473,0.00558205,Inf,4,5,0,-272.3169371
bitcoin,7/26/2017,2550.85921,562.2665466,2529.45,1,458.3542846,21.40921028,0.008463978,Inf,1,0,0,-80.43978962
ethereum,7/26/2017,206.71,78.1813967,203.95,1,7.6176,2.76,0.013532729,Inf,0,0,1,-51.52581599
dji,7/27/2017,21654.55358,197.0731663,21796.55078,1,20163.20559,141.9972028,0.006514664,Inf,4,5,0,-268.5719335
bitcoin,7/27/2017,2517.284879,553.602119,2671.78,1,23868.74246,154.4951212,0.057824791,Inf,1,0,0,-80.57088984
ethereum,7/27/2017,203.95,76.39934667,204.32,1,0.1369,0.37,0.001810885,Inf,0,0,1,-52.07710234
dji,7/28/2017,21792.23796,206.6378925,21830.31055,1,1449.522031,38.07258897,0.001744024,Inf,5,5,0,-270.0334622
bitcoin,7/28/2017,2627.116315,588.1268472,2809.01,1,33085.31263,181.893685,0.064753662,Inf,1,0,0,-79.49169213
ethereum,7/28/2017,204.32,74.65066959,193.12,1,125.44,11.2,0.057995029,Inf,0,0,1,-53.50908411
dji,7/29/2017,21808.59877,198.2757431,21891.11914,1,6809.611386,82.52036952,0.003769582,Inf,4,5,0,-272.5492575
bitcoin,7/29/2017,2736.927289,624.645075,2726.45,1,109.7735819,10.47728886,0.003842832,Inf,1,0,0,-78.27895591
ethereum,7/29/2017,193.12,70.10832213,205.79,1,160.5289,12.67,0.061567617,Inf,0,0,1,-53.87641333
dji,7/30/2017,21854.7593,206.254472,21891.11914,1,1322.037725,36.35983671,0.00166094,Inf,5,5,0,-270.4100116
bitcoin,7/30/2017,2673.076124,608.8969522,2757.18,1,7073.461894,84.10387562,0.030503585,Inf,1,0,0,-78.39933522
ethereum,7/30/2017,205.79,75.21708877,197.98,1,60.9961,7.81,0.039448429,Inf,0,0,1,-53.48670315
dji,7/31/2017,21869.92327,171.3351241,21891.11914,1,449.2649182,21.19587031,0.000968241,Inf,5,5,0,-279.8409148
bitcoin,7/31/2017,2700.292959,617.0664801,2875.34,1,30641.46652,175.0470409,0.060878728,Inf,1,0,0,-78.16873987
ethereum,7/31/2017,197.98,71.83265453,203.87,1,34.6921,5.89,0.02889096,Inf,0,0,1,-53.90834965
dji,8/1/2017,21879.37849,171.9891099,21963.91992,1,7147.253938,84.54143326,0.003849105,Inf,5,5,0,-279.6789926
bitcoin,8/1/2017,2803.832347,648.4083797,2718.26,1,7322.626652,85.57234747,0.03148056,Inf,1,0,0,-77.37804561
ethereum,8/1/2017,203.87,73.75533976,226.77,1,524.41,22.9,0.100983375,Inf,0,0,1,-54.0748846
dji,8/2/2017,21941.19582,179.3171633,22016.24023,1,5631.663251,75.04440853,0.003408593,Inf,5,5,0,-277.2924104
bitcoin,8/2/2017,2678.481749,621.316019,2710.67,1,1036.083502,32.18825099,0.011874648,Inf,1,0,0,-77.2442601
ethereum,8/2/2017,226.1921548,78.88463944,219.95,1,38.96449606,6.242154761,0.028379881,Inf,1,0,0,-53.00977892
dji,8/3/2017,22061.82373,179.024081,22026.09961,1,1276.212458,35.72411592,0.001621899,Inf,5,5,0,-277.3716594
bitcoin,8/3/2017,2674.878934,620.4379625,2804.73,1,16861.29945,129.8510664,0.046297172,Inf,1,0,0,-77.23333339
ethereum,8/3/2017,220.1467493,75.80664488,225.34,1,26.96985294,5.19325071,0.023046289,Inf,1,0,0,-53.90723228
dji,8/4/2017,21986.56229,180.6481696,22092.81055,1,11288.69228,106.2482578,0.004809178,Inf,5,5,0,-276.980878
bitcoin,8/4/2017,2753.311355,644.7733239,2895.89,1,20328.67011,142.5786453,0.049234828,Inf,1,0,0,-76.62277015
ethereum,8/4/2017,223.2920976,76.13838541,223.07,1,0.049327339,0.222097588,0.000995641,Inf,1,0,0,-54.59860997
dji,8/5/2017,22096.25405,157.1022419,22118.41992,1,491.3256041,22.16586574,0.001002145,Inf,5,5,0,-284.8146292
bitcoin,8/5/2017,2833.070778,670.257222,3252.91,1,176264.9722,419.8392219,0.129065736,Inf,1,0,0,-75.95071248
ethereum,8/5/2017,220.9013782,74.70829372,256.51,1,1267.973944,35.60862177,0.138819624,Inf,1,0,0,-55.18865484
dji,8/6/2017,22121.37732,152.9245277,22118.41992,1,8.746208434,2.95739893,0.000133708,Inf,5,4,0,-287.5842896
bitcoin,8/6/2017,3252.91,854.1247738,3213.94,1,1518.6609,38.97,0.012125304,Inf,0,0,1,-72.51681853
ethereum,8/6/2017,239.5982014,81.5403527,261.57,1,482.7599341,21.97179861,0.083999689,Inf,1,0,0,-54.904887
dji,8/7/2017,22092.68122,150.5750817,22118.41992,1,662.4805511,25.73869754,0.001163677,Inf,3,5,0,-287.8482286
bitcoin,8/7/2017,3213.94,842.9627871,3378.94,1,27225,165,0.048831882,Inf,0,0,1,-72.58037766
ethereum,8/7/2017,244.429218,84.18948619,269.18,1,612.6012088,24.75078198,0.091948815,Inf,1,0,0,-54.12742498
dji,8/8/2017,22092.84801,155.0339669,22085.33984,1,56.37263653,7.508171317,0.000339962,Inf,5,5,0,-287.1738398
bitcoin,8/8/2017,3378.94,893.3724438,3419.94,1,1681,41,0.011988514,Inf,0,0,1,-72.11808554
ethereum,8/8/2017,250.6819692,86.81287222,296.77,1,2124.106584,46.08803081,0.15529882,Inf,1,0,0,-53.74260757
dji,8/9/2017,22011.13345,137.0292537,22048.69922,1,1411.18707,37.56576992,0.001703764,Inf,5,5,0,-290.4928128
bitcoin,8/9/2017,3419.94,892.2965287,3342.47,1,6001.6009,77.47,0.023177471,Inf,0,0,1,-72.88314612
ethereum,8/9/2017,296.77,110.9784028,296.03,1,0.5476,0.74,0.002499747,Inf,0,0,1,-52.17578956
dji,8/10/2017,21995.52483,138.3252114,21844.00977,1,22956.81307,151.5150589,0.006936229,Inf,5,5,0,-289.8898634
bitcoin,8/10/2017,3342.47,873.1371302,3381.28,1,1506.2161,38.81,0.011477902,Inf,0,0,1,-72.81352899
ethereum,8/10/2017,296.03,109.0642163,295.89,1,0.0196,0.14,0.000473149,Inf,0,0,1,-53.03043349
dji,8/11/2017,21781.03259,164.9345028,21858.32031,1,5973.391341,77.28771792,0.003535849,Inf,4,5,0,-281.6052818
bitcoin,8/11/2017,3381.28,881.4307143,3650.62,1,72544.0356,269.34,0.073779248,Inf,0,0,1,-72.93409872
ethereum,8/11/2017,295.89,103.5750698,308.86,1,168.2209,12.97,0.041993136,Inf,0,0,1,-55.96695601
dji,8/12/2017,21720.77708,162.2830899,21993.71094,1,74492.89148,272.9338592,0.012409632,Inf,5,4,0,-280.805996
bitcoin,8/12/2017,3650.62,972.3508195,3884.71,1,54798.1281,234.09,0.060259324,Inf,0,0,1,-71.69263308
ethereum,8/12/2017,308.86,106.3605152,310.6,1,3.0276,1.74,0.005602061,Inf,0,0,1,-56.90665801
dji,8/13/2017,21980.06675,203.57201,21993.71094,1,186.1638554,13.6441876,0.000620368,Inf,4,3,0,-271.8412504
bitcoin,8/13/2017,3884.71,1038.281148,4073.26,1,35551.1025,188.55,0.046289704,Inf,0,0,1,-71.49348007
ethereum,8/13/2017,310.6,106.3759199,298.06,1,157.2516,12.54,0.042072066,Inf,0,0,1,-57.22103721
dji,8/14/2017,21909.16033,201.7768498,21993.71094,1,7148.806223,84.55061338,0.003844309,Inf,5,5,0,-272.0606565
bitcoin,8/14/2017,4073.26,1046.79847,4325.13,1,63438.4969,251.87,0.058234088,Inf,0,0,1,-73.75569517
ethereum,8/14/2017,298.06,96.54590997,300.1,1,4.1616,2.04,0.006797734,Inf,0,0,1,-60.42519517
dji,8/15/2017,22060.65972,204.1886914,21998.99023,1,3803.125911,61.6694893,0.002803287,Inf,4,4,0,-269.9034329
bitcoin,8/15/2017,4414.324904,965.4651817,4181.93,1,54007.39145,232.3949041,0.055571209,Inf,0,3,1,-73.68547546
ethereum,8/15/2017,300.1,95.56077168,289.82,1,105.6784,10.28,0.035470292,Inf,0,0,1,-61.40731609
dji,8/16/2017,22026.85324,201.2099082,22024.86914,1,3.936641426,1.984097131,9.01E-05,Inf,5,5,0,-270.9925275
bitcoin,8/16/2017,4181.93,997.0130693,4376.63,1,37908.09,194.7,0.044486283,Inf,0,0,1,-78.08700244
ethereum,8/16/2017,290.34513,65.84980503,302.27,1,142.2025241,11.92486998,0.039451054,Inf,0,2,1,-75.47884158
dji,8/17/2017,21985.66002,182.0917636,21750.73047,1,55191.89432,234.9295518,0.010800996,Inf,5,5,0,-274.1654425
bitcoin,8/17/2017,4376.63,1045.820196,4331.69,1,2019.6036,44.94,0.010374704,Inf,0,0,1,-77.95499725
ethereum,8/17/2017,294.4299788,64.30053826,301.46,1,49.42119839,7.030021223,0.023319914,Inf,0,2,1,-77.9184618
dji,8/18/2017,21590.17437,213.4442521,21674.50977,1,7112.460372,84.33540403,0.003890995,Inf,5,5,0,-265.1332494
bitcoin,8/18/2017,4331.69,1033.697411,4160.62,1,29264.9449,171.07,0.041116468,Inf,0,0,1,-78.03224231
ethereum,8/18/2017,301.46,65.08159212,295.59,1,34.4569,5.87,0.019858588,Inf,0,0,1,-83.81792509
dji,8/19/2017,21752.8521,217.0975434,21703.75,1,2411.01595,49.10209721,0.002262378,Inf,5,5,0,-264.4727327
bitcoin,8/19/2017,4160.62,758.4362369,4193.7,1,1094.2864,33.08,0.007888023,Inf,0,0,1,-93.59740236
ethereum,8/19/2017,295.59,57.5421193,297.47,1,3.5344,1.88,0.006319965,Inf,0,0,1,-89.79774698
dji,8/20/2017,21715.00127,221.8006876,21703.75,1,126.5910204,11.2512675,0.000518402,Inf,5,5,0,-264.2005951
bitcoin,8/20/2017,4193.7,746.3360839,4087.66,1,11244.4816,106.04,0.025941492,Inf,0,0,1,-94.98577759
ethereum,8/20/2017,297.47,57.26324856,301.43,1,15.6816,3.96,0.013137378,Inf,0,0,1,-90.44522684
dji,8/21/2017,21598.65734,211.43867,21703.75,1,11044.46696,105.0926589,0.004842143,Inf,5,5,0,-265.1169133
bitcoin,8/21/2017,4087.66,714.8347191,4001.74,1,7382.2464,85.92,0.02147066,Inf,0,0,1,-95.99896638
ethereum,8/21/2017,301.43,57.05110797,321.59,1,406.4256,20.16,0.062688516,Inf,0,0,1,-91.42455042
dji,8/22/2017,21749.22612,223.4861438,21899.89063,1,22699.79422,150.6645088,0.006879692,Inf,5,5,0,-264.5827858
bitcoin,8/22/2017,4001.74,697.5086428,4100.52,1,9757.4884,98.78,0.024089628,Inf,0,0,1,-96.18948004
ethereum,8/22/2017,321.59,62.63066034,314.79,1,46.24,6.8,0.021601703,Inf,0,0,1,-89.77267318
dji,8/23/2017,22042.24473,237.4417234,21812.08984,1,52971.27565,230.1548949,0.010551712,Inf,5,5,0,-261.8127362
bitcoin,8/23/2017,4100.52,717.9454847,4151.52,1,2601,51,0.012284657,Inf,0,0,1,-95.9294753
ethereum,8/23/2017,314.79,61.48984771,317.52,1,7.4529,2.73,0.008597884,Inf,0,0,1,-89.59986647
dji,8/24/2017,21747.37736,271.454931,21783.40039,1,1297.658342,36.02302516,0.001653692,Inf,5,4,0,-254.9149693
bitcoin,8/24/2017,4151.52,699.0156819,4334.68,1,33547.5856,183.16,0.042254561,Inf,0,0,1,-98.19064482
ethereum,8/24/2017,317.52,58.95938844,325.61,1,65.4481,8.09,0.024845674,Inf,0,0,1,-92.52921985
dji,8/25/2017,21814.04976,265.6779887,21813.66992,1,0.144277981,0.379839415,1.74E-05,Inf,5,5,0,-257.0980608
bitcoin,8/25/2017,4334.68,740.2297839,4371.6,1,1363.0864,36.92,0.00844542,Inf,0,0,1,-97.37397122
ethereum,8/25/2017,325.61,60.67257641,331.92,1,39.8161,6.31,0.019010605,Inf,0,0,1,-92.32776188
dji,8/26/2017,21918.99952,249.2915136,21808.40039,1,12232.16738,110.5991292,0.0050714,Inf,5,5,0,-260.4070389
bitcoin,8/26/2017,4371.6,726.330184,4352.4,1,368.64,19.2,0.004411359,Inf,0,0,1,-98.96158702
ethereum,8/26/2017,331.92,62.02141613,333.88,1,3.8416,1.96,0.005870373,Inf,0,0,1,-92.16615916
dji,8/27/2017,21792.38002,260.3060216,21808.40039,1,256.6523154,16.02037189,0.000734596,Inf,5,4,0,-258.6962831
bitcoin,8/27/2017,4352.4,705.5723569,4382.88,1,929.0304,30.48,0.006954331,Inf,0,0,1,-100.3848368
ethereum,8/27/2017,333.88,60.87266915,347.89,1,196.2801,14.01,0.04027135,Inf,0,0,1,-93.58795735
dji,8/28/2017,21850.15086,242.040146,21808.40039,1,1743.101755,41.75047011,0.001914421,Inf,5,4,0,-261.7061385
bitcoin,8/28/2017,4382.88,704.4356895,4382.66,1,0.0484,0.22,5.02E-05,Inf,0,0,1,-100.8820329
ethereum,8/28/2017,347.89,62.22190672,347.75,1,0.0196,0.14,0.000402588,Inf,0,0,1,-94.69749899
dji,8/29/2017,21897.60514,241.5813753,21865.36914,1,1039.159856,32.23600248,0.001474295,Inf,5,5,0,-261.4699215
bitcoin,8/29/2017,4382.66,703.4883353,4579.02,1,38557.2496,196.36,0.042882538,Inf,0,0,1,-100.957014
ethereum,8/29/2017,347.75,61.41690207,370.67,1,525.3264,22.92,0.061833976,Inf,0,0,1,-95.42751743
dji,8/30/2017,21858.68097,243.4050552,21892.42969,1,1138.97627,33.74872249,0.00154157,Inf,5,4,0,-261.2112886
bitcoin,8/30/2017,4617.674035,662.8962489,4565.3,1,2743.039492,52.37403452,0.0114722,Inf,0,2,1,-101.9284347
ethereum,8/30/2017,369.8922193,56.57310743,378.49,1,73.92183269,8.597780684,0.022716005,Inf,1,2,1,-94.36882396
dji,8/31/2017,21850.30223,250.3442125,21948.09961,1,9564.328321,97.79738402,0.004455847,Inf,5,4,0,-260.9520938
bitcoin,8/31/2017,4652.357806,649.7181192,4703.39,1,2604.284803,51.03219379,0.010850088,Inf,0,2,1,-103.6455217
ethereum,8/31/2017,378.49,62.30921893,383.04,1,20.7025,4.55,0.011878655,Inf,0,0,1,-99.49401256
dji,9/1/2017,21938.5517,255.3427532,21987.56055,1,2401.866894,49.00884505,0.002228935,Inf,5,5,0,-259.9632502
bitcoin,9/1/2017,4677.934645,646.8732376,4892.01,1,45828.25782,214.0753555,0.043760204,Inf,0,2,1,-104.0767875
ethereum,9/1/2017,404.2254781,51.06266422,387.74,1,271.7709898,16.48547815,0.042516836,Inf,1,2,1,-103.1615627
dji,9/2/2017,21991.37488,256.2408429,21753.31055,1,56674.62457,238.0643286,0.010943821,Inf,5,5,0,-259.8187939
bitcoin,9/2/2017,4860.314429,623.2755606,4578.77,1,79267.2654,281.5444288,0.061489096,Inf,0,3,1,-103.2707378
ethereum,9/2/2017,408.0914494,50.01676316,348.98,1,3494.163445,59.11144936,0.169383487,Inf,1,2,1,-104.71681
dji,9/3/2017,21752.39491,291.6411387,21753.31055,1,0.838393109,0.915638089,4.21E-05,Inf,5,4,0,-251.2740015
bitcoin,9/3/2017,4549.353869,602.0241063,4582.96,1,1129.372033,33.60613088,0.007332844,Inf,0,3,1,-101.0673903
ethereum,9/3/2017,348.98,62.71969815,347.48,1,2.25,1.5,0.004316795,Inf,0,0,1,-94.41751779
dji,9/4/2017,21792.60321,286.8597499,21753.31055,1,1543.913149,39.29266025,0.001806284,Inf,5,4,0,-251.978652
bitcoin,9/4/2017,4582.96,639.0725486,4236.31,1,120166.2225,346.65,0.081828289,Inf,0,0,1,-109.1037101
ethereum,9/4/2017,347.48,51.45178144,295.17,1,2736.3361,52.31,0.177219907,Inf,0,0,1,-105.6285006
dji,9/5/2017,21758.56628,276.4592793,21753.31055,1,27.62269683,5.255729905,0.000241606,Inf,4,5,0,-253.643845
bitcoin,9/5/2017,4236.31,637.6622912,4376.53,1,19661.6484,140.22,0.032039081,Inf,0,0,1,-104.6777313
ethereum,9/5/2017,290.119167,42.25963137,312.99,1,523.0750007,22.87083297,0.073072088,Inf,0,4,1,-92.42024554
dji,9/6/2017,21816.6689,276.5997426,21807.64063,1,81.50970357,9.028272457,0.000413996,Inf,4,5,0,-253.6535189
bitcoin,9/6/2017,4304.224111,571.5059207,4597.12,1,85788.00189,292.8958892,0.063712909,Inf,0,2,1,-106.5119826
ethereum,9/6/2017,282.7799868,46.15261834,334.34,1,2658.434959,51.56001318,0.154214312,Inf,3,0,0,-91.30072044
dji,9/7/2017,21907.09804,277.0128712,21784.7793,1,14961.87465,122.318742,0.005614872,Inf,4,5,0,-254.0444621
bitcoin,9/7/2017,4795.559797,639.1884889,4599.88,1,38290.58303,195.6797972,0.042540196,Inf,0,2,1,-104.6553338
ethereum,9/7/2017,332.0025396,58.89927335,329.43,1,6.61796,2.572539601,0.007809063,Inf,1,0,0,-93.00809348
dji,9/8/2017,21809.75596,268.2615002,21797.78906,1,143.2066146,11.96689661,0.000548996,Inf,4,5,0,-255.4082532
bitcoin,9/8/2017,4599.88,694.8371091,4228.75,1,137737.4769,371.13,0.087763523,Inf,0,0,1,-104.4733188
ethereum,9/8/2017,327.8973839,58.17357171,296.5,1,985.7957158,31.3973839,0.105893369,Inf,1,0,0,-93.03165065
dji,9/9/2017,21849.56266,224.766397,22057.36914,1,43183.53156,207.8064762,0.009421181,Inf,5,5,0,-265.6735523
bitcoin,9/9/2017,4228.75,688.5475829,4226.06,1,7.2361,2.69,0.000636527,Inf,0,0,1,-100.1304226
ethereum,9/9/2017,300.0973575,57.39877877,294.4,1,32.45988213,5.697357469,0.019352437,Inf,1,0,0,-88.61938113
dji,9/10/2017,21917.94528,242.8555922,22057.36914,1,19439.01192,139.4238571,0.006320965,Inf,3,5,0,-258.8301831
bitcoin,9/10/2017,4226.06,646.2808589,4122.94,1,10633.7344,103.12,0.025011278,Inf,0,0,1,-103.760312
ethereum,9/10/2017,298.6070699,56.34617341,288.75,1,97.16182676,9.857069887,0.034137039,Inf,1,0,0,-89.43440903
dji,9/11/2017,21940.44496,259.329505,22057.36914,1,13671.26328,116.9241775,0.005300912,Inf,5,4,0,-256.8636446
bitcoin,9/11/2017,4156.429425,578.2146591,4161.27,1,23.4311653,4.840574894,0.001163245,Inf,1,0,0,-107.9017769
ethereum,9/11/2017,293.4148825,55.71173164,294.53,1,1.24348699,1.115117478,0.003786091,Inf,1,0,0,-89.01043817
dji,9/12/2017,21944.71172,236.20281,22118.85938,1,30327.40847,174.1476628,0.007873266,Inf,5,5,0,-259.233525
bitcoin,9/12/2017,4201.335771,556.7683463,4130.81,1,4973.884424,70.52577135,0.017073109,Inf,1,0,0,-110.9679673
ethereum,9/12/2017,297.859019,56.12716904,291.46,1,40.94744452,6.399019028,0.021955051,Inf,1,0,0,-89.42444568
dji,9/13/2017,21968.09864,252.5799223,22158.17969,1,36130.80602,190.0810512,0.008578369,Inf,5,5,0,-255.0861373
bitcoin,9/13/2017,4182.314462,527.3602987,3882.59,1,89834.75283,299.7244615,0.077197042,Inf,1,0,0,-113.9196409
ethereum,9/13/2017,295.1288495,55.69504889,277.11,1,324.6789355,18.01884945,0.065024176,Inf,1,0,0,-89.31854968
dji,9/14/2017,22058.55844,273.7319088,22203.48047,1,21002.39401,144.9220273,0.006526996,Inf,4,5,0,-252.4404526
bitcoin,9/14/2017,3963.461076,532.4622111,3154.95,1,653690.1596,808.5110758,0.256267477,Inf,1,0,0,-109.9309475
ethereum,9/14/2017,277.11,55.3103851,213.91,1,3994.24,63.2,0.295451358,Inf,0,0,1,-88.35227533
dji,9/15/2017,22168.56739,290.2081383,22268.33984,1,9954.541606,99.77244913,0.004480462,Inf,3,4,0,-249.7340121
bitcoin,9/15/2017,3154.95,645.7843443,3637.52,1,232873.8049,482.57,0.132664563,Inf,0,0,1,-86.89610401
ethereum,9/15/2017,213.91,58.47883451,250.46,1,1335.9025,36.55,0.145931486,Inf,0,0,1,-70.19106118
dji,9/16/2017,22172.5288,244.5779531,22331.34961,1,25224.05061,158.8208129,0.007112011,Inf,5,5,0,-259.3418902
bitcoin,9/16/2017,3766.679202,814.7483664,3625.04,1,20061.66345,141.6392017,0.039072452,Inf,1,0,0,-81.50561184
ethereum,9/16/2017,250.46,74.33914992,246.52,1,15.5236,3.94,0.015982476,Inf,0,0,1,-65.45359177
dji,9/17/2017,22363.08796,276.4005842,22331.34961,1,1007.322997,31.73835214,0.001421246,Inf,5,2,0,-253.3761663
bitcoin,9/17/2017,3732.377367,804.4881626,3582.88,1,22349.46278,149.4973671,0.041725474,Inf,1,0,0,-81.60603305
ethereum,9/17/2017,246.52,73.13951208,251.75,1,27.3529,5.23,0.020774578,Inf,0,0,1,-65.47736627
dji,9/18/2017,22355.74323,285.5013362,22331.34961,1,595.0484597,24.39361514,0.001092348,Inf,4,5,0,-253.6377371
bitcoin,9/18/2017,3681.334618,798.5754144,4065.2,1,147352.6317,383.8653823,0.094427183,Inf,1,0,0,-81.12408069
ethereum,9/18/2017,251.75,74.78249509,293.5,1,1743.0625,41.75,0.142248722,Inf,0,0,1,-65.40702053
dji,9/19/2017,22332.27812,279.3029944,22370.80078,1,1483.99555,38.52266281,0.001722006,Inf,5,5,0,-254.0105669
bitcoin,9/19/2017,4093.819439,931.0244901,3924.97,1,28510.13305,168.849439,0.043019294,Inf,1,0,0,-78.52403537
ethereum,9/19/2017,296.276456,88.66359831,282.8,1,181.6148652,13.47645596,0.047653663,Inf,1,0,0,-61.92990973
dji,9/20/2017,22349.68623,278.2177657,22412.58984,1,3956.863702,62.90360643,0.002806619,Inf,5,5,0,-253.9578423
bitcoin,9/20/2017,3979.021267,911.6516128,3905.95,1,5339.410111,73.07126735,0.018707681,Inf,1,0,0,-78.05702857
ethereum,9/20/2017,287.3817159,85.67934873,283.74,1,13.26209461,3.641715888,0.012834693,Inf,1,0,0,-62.11831135
dji,9/21/2017,22388.84502,246.3036096,22359.23047,1,877.0212872,29.6145452,0.001324489,Inf,5,5,0,-261.744201
bitcoin,9/21/2017,3964.682255,906.3414733,3631.04,1,111317.154,333.6422546,0.091886141,Inf,1,0,0,-78.18236175
ethereum,9/21/2017,287.8519069,85.68594928,258.58,1,856.8445337,29.2719069,0.113202517,Inf,1,0,0,-62.20514631
dji,9/22/2017,22339.69381,247.3267235,22349.58984,1,97.93144151,9.896031604,0.000442784,Inf,5,3,0,-261.6553041
bitcoin,9/22/2017,3731.886933,882.3141557,3630.7,1,10238.7955,101.1869335,0.027869814,Inf,1,0,0,-76.10004354
ethereum,9/22/2017,258.58,83.25581177,264.31,1,32.8329,5.73,0.021679089,Inf,0,0,1,-60.77086125
dji,9/23/2017,22339.39929,245.8959667,22296.08984,1,1875.70866,43.30945232,0.001942469,Inf,5,3,0,-261.9401483
bitcoin,9/23/2017,3724.004688,877.9851618,3792.4,1,4677.918671,68.39531177,0.018034836,Inf,1,0,0,-76.20028068
ethereum,9/23/2017,264.31,85.06694564,286.17,1,477.8596,21.86,0.076388161,Inf,0,0,1,-60.79368797
dji,9/24/2017,22268.18339,228.7996563,22296.08984,1,778.7701753,27.90645401,0.00125163,Inf,5,4,0,-264.6613178
bitcoin,9/24/2017,3860.112941,911.8269572,3682.84,1,31425.69563,177.2729411,0.048134847,Inf,1,0,0,-76.11884123
ethereum,9/24/2017,286.17,93.51680749,282.48,1,13.6161,3.69,0.013062872,Inf,0,0,1,-59.91741213
dji,9/25/2017,22256.3561,227.5793381,22296.08984,1,1578.76986,39.73373705,0.001782094,Inf,5,4,0,-264.7909253
bitcoin,9/25/2017,3761.670545,895.563228,3926.07,1,27027.18074,164.3994548,0.041873796,Inf,1,0,0,-75.61324885
ethereum,9/25/2017,282.48,92.34213531,292.33,1,97.0225,9.85,0.033694797,Inf,0,0,1,-59.89799942
dji,9/26/2017,22219.43272,225.167395,22284.32031,1,4210.399235,64.88758922,0.002911805,Inf,4,5,0,-263.1589814
bitcoin,9/26/2017,3965.56334,952.2978389,3892.35,1,5360.193197,73.21334029,0.018809547,Inf,1,0,0,-75.16036945
ethereum,9/26/2017,292.33,95.43787448,287.44,1,23.9121,4.89,0.017012246,Inf,0,0,1,-59.97277525
dji,9/27/2017,22235.67784,225.5042111,22340.71094,1,11031.95133,105.0330964,0.004701421,Inf,5,4,0,-265.298092
bitcoin,9/27/2017,3935.486094,945.6724117,4200.67,1,70322.50404,265.1839061,0.063128955,Inf,1,0,0,-75.12482359
ethereum,9/27/2017,287.44,93.90891329,306.47,1,362.1409,19.03,0.062094169,Inf,0,0,1,-59.93143933
dji,9/28/2017,22321.6041,236.2237954,22381.19922,1,3551.578393,59.59512055,0.002662731,Inf,5,4,0,-263.4704657
bitcoin,9/28/2017,4187.338727,1022.74524,4174.73,1,158.9799847,12.60872653,0.00302025,Inf,1,0,0,-74.16185332
ethereum,9/28/2017,306.47,100.1351395,299.15,1,53.5824,7.32,0.02446933,Inf,0,0,1,-59.92628583
dji,9/29/2017,22348.86354,218.8577369,22405.08984,1,3161.396758,56.22629952,0.002509532,Inf,5,5,0,-266.5593896
bitcoin,9/29/2017,4163.100123,1014.646233,4163.07,1,0.000907397,0.030123033,7.24E-06,Inf,1,0,0,-74.32478883
ethereum,9/29/2017,299.15,97.78008921,291.47,1,58.9824,7.68,0.026349195,Inf,0,0,1,-59.9047227
dji,9/30/2017,22439.97874,217.1401237,22557.59961,1,13834.66804,117.6208657,0.005214246,Inf,5,5,0,-267.0594591
bitcoin,9/30/2017,4154.102874,1012.454502,4338.71,1,34079.79091,184.6071258,0.042548851,Inf,1,0,0,-74.32478921
ethereum,9/30/2017,291.47,95.39802942,301.46,1,99.8001,9.99,0.033138725,Inf,0,0,1,-59.82739551
dji,10/1/2017,22591.38505,232.5963307,22557.59961,1,1141.456234,33.78544411,0.001497741,Inf,5,5,0,-263.7018826
bitcoin,10/1/2017,4295.54699,1054.914792,4403.74,1,11705.72732,108.1930096,0.024568437,Inf,1,0,0,-73.85239488
ethereum,10/1/2017,301.46,98.91258781,302.34,1,0.7744,0.88,0.00291063,Inf,0,0,1,-59.68491378
dji,10/2/2017,22561.46633,205.2205017,22557.59961,1,14.95149894,3.866716816,0.000171415,Inf,5,5,0,-271.2975411
bitcoin,10/2/2017,4324.170377,1029.121432,4409.32,1,7250.458275,85.14962287,0.019311282,Inf,1,0,0,-75.85678057
ethereum,10/2/2017,299.4612816,88.12899012,297.48,1,3.92547676,1.981281595,0.006660218,Inf,1,0,0,-63.34600808
dji,10/3/2017,22608.95683,206.7835252,22641.66992,1,1070.146225,32.7130895,0.001444818,Inf,5,5,0,-271.1977054
bitcoin,10/3/2017,4324.0787,1027.667372,4317.48,1,43.54283861,6.598699767,0.001528368,Inf,1,0,0,-75.96555536
ethereum,10/3/2017,295.0772277,85.98883272,292.46,1,6.849881073,2.617227746,0.008949011,Inf,1,0,0,-64.03785317
dji,10/4/2017,22621.04857,206.4630534,22661.64063,1,1647.715651,40.59206389,0.001791224,Inf,5,5,0,-270.9728264
bitcoin,10/4/2017,4241.261989,971.499087,4229.36,1,141.6573454,11.90198914,0.002814135,Inf,1,0,0,-78.2254175
ethereum,10/4/2017,290.1775081,76.66145358,292.66,1,6.162766036,2.482491901,0.008482512,Inf,1,0,0,-69.92673421
dji,10/5/2017,22672.62546,208.3631533,22775.39063,1,10560.68052,102.7651717,0.004512115,Inf,5,5,0,-270.6854285
bitcoin,10/5/2017,4180.858462,956.9655741,4328.41,1,21771.45635,147.5515379,0.034089085,Inf,1,0,0,-78.25923154
ethereum,10/5/2017,290.685422,76.58391686,295.86,1,26.77625697,5.174577951,0.017489955,Inf,1,0,0,-70.06804652
dji,10/6/2017,22715.9695,210.8962975,22773.66992,1,3329.338211,57.70041777,0.002533646,Inf,5,5,0,-267.7392387
bitcoin,10/6/2017,4262.730625,978.9635706,4370.81,1,11681.15137,108.0793753,0.024727539,Inf,1,0,0,-78.00512327
ethereum,10/6/2017,293.0869161,77.22722323,308.59,1,240.3456091,15.50308386,0.050238452,Inf,1,0,0,-70.03612884
dji,10/7/2017,22786.09141,210.0427899,22761.07031,1,626.0555973,25.02110304,0.001099294,Inf,3,5,0,-268.3008898
bitcoin,10/7/2017,4288.406241,983.7855186,4426.89,1,19177.75162,138.4837594,0.031282404,Inf,1,0,0,-78.10616757
ethereum,10/7/2017,300.1337449,78.75383712,311.12,1,120.6978005,10.98625507,0.035311954,Inf,1,0,0,-70.36271508
dji,10/8/2017,22776.7138,210.1358401,22761.07031,1,244.7188726,15.64349298,0.000687292,Inf,3,5,0,-268.4456264
bitcoin,10/8/2017,4316.217071,951.1335728,4610.48,1,86590.67144,294.2629291,0.063824792,Inf,1,0,0,-80.53878793
ethereum,10/8/2017,300.5988389,75.024577,308.61,1,64.17870223,8.011161104,0.025958851,Inf,1,0,0,-73.36967447
dji,10/9/2017,22724.58544,146.5441034,22761.07031,1,1331.145911,36.48487235,0.001602951,Inf,5,5,0,-291.6596799
bitcoin,10/9/2017,4467.108268,1003.438758,4772.02,1,92971.16455,304.9117324,0.063895736,Inf,1,0,0,-79.3090023
ethereum,10/9/2017,299.420274,74.80233137,297.39,1,4.122012462,2.030273987,0.006826975,Inf,1,0,0,-73.29601423
dji,10/10/2017,22747.3429,148.1106065,22830.67969,1,6945.019756,83.33678513,0.00365021,Inf,5,5,0,-291.1489635
bitcoin,10/10/2017,4614.279878,1051.624343,4781.99,1,28126.68506,167.7101221,0.035071199,Inf,1,0,0,-78.32088654
ethereum,10/10/2017,292.4082605,72.89660093,299.87,1,55.67755588,7.461739467,0.024883248,Inf,1,0,0,-73.43086966
dji,10/11/2017,22827.38363,155.2909704,22872.89063,1,2070.887296,45.50700271,0.001989561,Inf,5,5,0,-288.9595856
bitcoin,10/11/2017,4594.846024,853.7855449,4826.48,1,53654.29879,231.6339759,0.047992321,Inf,1,3,0,-78.96433008
ethereum,10/11/2017,290.0986363,64.0526204,303.46,1,178.5260405,13.36136372,0.044030066,Inf,0,3,0,-73.45173763
dji,10/12/2017,22850.38023,150.3646391,22841.00977,1,87.8054707,9.370457337,0.000410247,Inf,5,5,0,-290.1975573
bitcoin,10/12/2017,4679.207821,878.3747172,5446.91,1,589366.6353,767.7021787,0.140942696,Inf,1,3,0,-78.21087323
ethereum,10/12/2017,296.287133,64.87914931,304.14,1,61.6675204,7.852867018,0.025819909,Inf,0,3,0,-74.05790075
dji,10/13/2017,22835.51131,150.5818036,22871.7207,1,1311.120061,36.20939189,0.001583151,Inf,5,5,0,-290.1837655
bitcoin,10/13/2017,5102.122173,1170.621338,5647.21,1,297120.7396,545.0878274,0.096523385,Inf,1,0,1,-77.65424388
ethereum,10/13/2017,303.0539206,73.60440691,338.76,1,1274.924107,35.70607941,0.105402289,Inf,0,1,1,-74.27996659
dji,10/14/2017,22876.83748,150.7697644,22956.96094,1,6419.768619,80.12345861,0.00349016,Inf,5,5,0,-289.9321531
bitcoin,10/14/2017,5647.21,1151.285466,5831.79,1,34069.7764,184.58,0.03165066,Inf,0,0,1,-87.12847047
ethereum,10/14/2017,338.76,74.06488253,339.63,1,0.7569,0.87,0.002561611,Inf,0,0,1,-83.08736372
dji,10/15/2017,22959.913,157.855039,22956.96094,1,8.71465941,2.952060197,0.000128591,Inf,5,4,0,-288.1515307
bitcoin,10/15/2017,5831.79,1031.986943,5678.19,1,23592.96,153.6,0.027050874,Inf,0,0,1,-95.31408645
ethereum,10/15/2017,339.63,63.11051991,336.6,1,9.1809,3.03,0.009001783,Inf,0,0,1,-92.48742782
dji,10/16/2017,22975.48185,149.6152159,22956.96094,1,343.0240903,18.52090954,0.000806767,Inf,4,5,0,-291.2143314
bitcoin,10/16/2017,5678.19,1010.77572,5725.59,1,2246.76,47.4,0.008278623,Inf,0,0,1,-94.97141858
ethereum,10/16/2017,336.6,62.46483845,333.38,1,10.3684,3.22,0.009658648,Inf,0,0,1,-92.56389366
dji,10/17/2017,22943.60568,150.2610973,22997.43945,1,2898.074848,53.83377052,0.002340859,Inf,5,4,0,-290.9275816
bitcoin,10/17/2017,5725.59,1018.632903,5605.51,1,14419.2064,120.08,0.02142178,Inf,0,0,1,-95.0043756
ethereum,10/17/2017,333.38,61.7003245,317.08,1,265.69,16.3,0.051406585,Inf,0,0,1,-92.72018255
dji,10/18/2017,22998.41776,149.5352692,23157.59961,1,25338.86211,159.1818523,0.006873849,Inf,5,4,0,-290.7973339
bitcoin,10/18/2017,5605.51,857.4793675,5590.69,1,219.6324,14.82,0.002650836,Inf,0,0,1,-103.7439289
ethereum,10/18/2017,313.7478234,44.94631261,314.32,1,0.327386038,0.572176579,0.001820363,Inf,1,0,0,-106.0053982
dji,10/19/2017,23199.31542,174.4422881,23163.03906,1,1315.974445,36.27636207,0.001566131,Inf,4,5,0,-280.4128643
bitcoin,10/19/2017,5590.69,843.2183173,5708.52,1,13883.9089,117.83,0.020641077,Inf,0,0,1,-104.561546
ethereum,10/19/2017,311.5540857,44.22869083,308.09,1,11.99988968,3.464085692,0.011243746,Inf,1,0,0,-106.4911781
dji,10/20/2017,23127.13401,156.6280353,23328.63086,1,40600.98058,201.4968501,0.00863732,Inf,4,5,0,-286.5546864
bitcoin,10/20/2017,5708.52,865.1213986,6011.45,1,91766.5849,302.93,0.050392168,Inf,0,0,1,-104.2844348
ethereum,10/20/2017,306.4830102,43.49966113,304.01,1,6.115779277,2.473010165,0.008134634,Inf,1,0,0,-106.5500429
dji,10/21/2017,23341.95869,198.2885555,23273.96094,1,4623.694407,67.99775295,0.002921624,Inf,5,5,0,-274.2603386
bitcoin,10/21/2017,6011.45,882.6042023,6031.6,1,406.0225,20.15,0.003340739,Inf,0,0,1,-106.119591
ethereum,10/21/2017,304.01,40.87846086,300.19,1,14.5924,3.82,0.012725274,Inf,0,0,1,-111.2101699
dji,10/22/2017,23343.49209,210.0837341,23273.96094,1,4834.580355,69.53114665,0.002987508,Inf,5,5,0,-272.431488
bitcoin,10/22/2017,6031.6,885.6848478,6008.42,1,537.3124,23.18,0.003857919,Inf,0,0,1,-106.1116016
ethereum,10/22/2017,299.7680615,38.84431948,295.45,1,18.64565469,4.318061451,0.014615202,Inf,1,0,0,-111.7739349
dji,10/23/2017,23321.39839,209.4037758,23273.96094,1,2250.311799,47.43745144,0.00203822,Inf,5,3,0,-272.7352101
bitcoin,10/23/2017,6008.42,861.5436558,5930.32,1,6099.61,78.1,0.01316961,Inf,0,0,1,-107.4887178
ethereum,10/23/2017,297.126888,29.23932709,286.95,1,103.5690491,10.17688799,0.035465719,Inf,0,3,0,-120.8846907
dji,10/24/2017,23294.04193,212.0919067,23441.75977,1,21820.56031,147.7178402,0.006301483,Inf,5,4,0,-272.386681
bitcoin,10/24/2017,5930.32,842.7447648,5526.64,1,162957.5424,403.68,0.073042572,Inf,0,0,1,-108.0085575
ethereum,10/24/2017,288.8239786,29.27938491,298.33,1,90.36444247,9.50602138,0.031864115,Inf,0,3,0,-119.497747
dji,10/25/2017,23474.69277,203.5961536,23329.46094,1,21092.28441,145.2318299,0.006225254,Inf,3,5,1,-268.8918156
bitcoin,10/25/2017,5526.64,794.4223251,5750.8,1,50247.7056,224.16,0.038978925,Inf,0,0,1,-107.3456294
ethereum,10/25/2017,303.3209044,30.81935513,297.93,1,29.06184984,5.390904362,0.018094533,Inf,0,3,0,-119.9050403
dji,10/26/2017,23378.80742,215.2217312,23400.85938,1,486.2889069,22.05195925,0.000942357,Inf,4,5,0,-268.3730463
bitcoin,10/26/2017,5750.8,842.5143194,5904.83,1,23725.2409,154.03,0.026085425,Inf,0,0,1,-106.2446005
ethereum,10/26/2017,298.3903316,30.46112793,296.53,1,3.460833707,1.860331612,0.006273671,Inf,0,3,0,-119.5653465
dji,10/27/2017,23401.74657,227.9448555,23434.18945,1,1052.540783,32.44288494,0.001384425,Inf,5,5,0,-266.9468855
bitcoin,10/27/2017,5904.83,808.4508714,5780.9,1,15358.6449,123.93,0.021437838,Inf,0,0,1,-110.1647969
ethereum,10/27/2017,306.0108262,27.88338497,297.42,1,73.80229537,8.590826233,0.028884494,Inf,0,3,0,-125.8669794
dji,10/28/2017,23471.30272,227.8528076,23348.74023,1,15021.56282,122.5624854,0.005249212,Inf,5,5,0,-266.9629215
bitcoin,10/28/2017,5780.9,796.0880227,5753.09,1,773.3961,27.81,0.004833924,Inf,0,0,1,-109.8288583
ethereum,10/28/2017,292.9507151,27.48601687,296.3,1,11.21770904,3.349284855,0.011303695,Inf,0,3,0,-124.72922
dji,10/29/2017,23420.29033,233.7878961,23348.74023,1,5119.416169,71.55009552,0.003064409,Inf,5,5,0,-265.8192922
bitcoin,10/29/2017,5753.09,792.4296295,6153.85,1,160608.5776,400.76,0.065123459,Inf,0,0,1,-109.8163371
ethereum,10/29/2017,299.4696862,27.06281255,305.09,1,31.58792689,5.620313771,0.018421822,Inf,0,3,0,-126.1341376
dji,10/30/2017,23385.91358,215.7030865,23348.74023,1,1381.857604,37.17334534,0.001592092,Inf,5,3,0,-270.4016888
bitcoin,10/30/2017,6153.85,880.5638239,6130.53,1,543.8224,23.32,0.003803913,Inf,0,0,1,-107.6091176
ethereum,10/30/2017,306.2283029,26.88226779,307.75,1,2.315562059,1.521697098,0.004944588,Inf,0,3,0,-128.3514262
dji,10/31/2017,23322.52643,214.9971755,23377.24023,1,2993.599964,54.71380049,0.002340473,Inf,5,4,0,-270.6661605
bitcoin,10/31/2017,6130.53,874.8671239,6468.4,1,114156.1369,337.87,0.052233937,Inf,0,0,1,-107.7650873
ethereum,10/31/2017,314.868112,26.29519646,305.88,1,80.78615664,8.988111962,0.029384438,Inf,0,3,0,-129.4366221
dji,11/1/2017,23294.91662,216.6750277,23435.00977,1,19626.09026,140.0931485,0.005977943,Inf,5,4,0,-270.0906684
bitcoin,11/1/2017,6468.4,957.1200601,6767.31,1,89347.1881,298.91,0.044169692,Inf,0,0,1,-105.6686331
ethereum,11/1/2017,303.3081241,26.8105933,291.69,1,134.9808074,11.61812409,0.039830382,Inf,0,3,0,-127.9886198
dji,11/2/2017,23358.13565,208.1153702,23516.25977,1,25003.23858,158.124124,0.006724034,Inf,4,4,0,-270.2465977
bitcoin,11/2/2017,6767.31,1020.595815,7078.5,1,96839.2161,311.19,0.043962704,Inf,0,0,1,-104.5664659
ethereum,11/2/2017,290.1900809,26.71024985,287.43,1,7.61804631,2.760080852,0.009602619,Inf,0,3,0,-125.4476594
dji,11/3/2017,23411.2753,203.4885732,23539.18945,1,16362.02999,127.9141509,0.005434093,Inf,5,4,0,-270.7030663
bitcoin,11/3/2017,7078.5,1087.267836,7207.76,1,16708.1476,129.26,0.01793345,Inf,0,0,1,-103.5057729
ethereum,11/3/2017,289.8946605,26.72652422,305.71,1,250.1249637,15.81533951,0.051733144,Inf,0,3,0,-125.2959647
dji,11/4/2017,23579.22881,217.6863402,23548.41992,1,949.1878325,30.8088921,0.001308321,Inf,5,5,0,-271.2288364
bitcoin,11/4/2017,7207.76,1104.517877,7379.95,1,29649.3961,172.19,0.023332136,Inf,0,0,1,-103.6421106
ethereum,11/4/2017,312.4376395,31.11439825,300.47,1,143.2243954,11.96763951,0.039829732,Inf,0,3,0,-120.871239
dji,11/5/2017,23536.31964,218.4640757,23548.41992,1,146.4166704,12.10027563,0.000513847,Inf,5,4,0,-271.0022311
bitcoin,11/5/2017,7379.95,1136.811202,7407.41,1,754.0516,27.46,0.003707099,Inf,0,0,1,-103.3405466
ethereum,11/5/2017,301.8717127,33.48783917,296.26,1,31.4913199,5.611712742,0.018941851,Inf,1,0,0,-121.5340157
dji,11/6/2017,23534.92875,216.4512022,23548.41992,1,182.01163,13.49116859,0.000572912,Inf,5,5,0,-271.3689434
bitcoin,11/6/2017,7407.41,1139.137086,7022.76,1,147955.6225,384.65,0.054771913,Inf,0,0,1,-103.4372223
ethereum,11/6/2017,298.5321759,33.33166704,298.89,1,0.128038085,0.357824098,0.001197177,Inf,1,0,0,-121.1267583
dji,11/7/2017,23571.25847,216.8562475,23557.23047,1,196.7849031,14.02800425,0.000595486,Inf,5,4,0,-271.2706031
bitcoin,11/7/2017,7022.76,1094.371801,7144.38,1,14791.4244,121.62,0.017023171,Inf,0,0,1,-102.6711757
ethereum,11/7/2017,300.4564339,33.47170666,294.66,1,33.5986464,5.796433938,0.019671601,Inf,1,0,0,-121.2677654
dji,11/8/2017,23522.22134,216.88834,23563.35938,1,1692.338514,41.13804217,0.001745848,Inf,5,4,0,-271.2252218
bitcoin,11/8/2017,7144.38,1102.402742,7459.69,1,99420.3961,315.31,0.042268512,Inf,0,0,1,-103.2418061
ethereum,11/8/2017,296.650646,32.56457106,309.07,1,154.2403527,12.41935395,0.040182981,Inf,1,0,0,-122.081328
dji,11/9/2017,23590.47791,209.9801478,23461.93945,1,16522.13548,128.5384592,0.005478595,Inf,5,5,0,-273.2731778
bitcoin,11/9/2017,7459.69,1174.742897,7143.58,1,99925.5321,316.11,0.044250922,Inf,0,0,1,-102.062764
ethereum,11/9/2017,313.5055782,31.44303816,320.88,1,54.38209761,7.374421849,0.022981868,Inf,0,3,0,-120.2993968
dji,11/10/2017,23440.26605,214.5609813,23422.21094,1,325.98702,18.05511063,0.000770854,Inf,5,5,0,-271.3827295
bitcoin,11/10/2017,7143.58,1146.351303,6618.14,1,276087.1936,525.44,0.079393908,Inf,0,0,1,-100.9726465
ethereum,11/10/2017,316.8964943,30.71393381,299.25,1,311.3987616,17.64649431,0.05896907,Inf,0,3,0,-120.1331133
dji,11/11/2017,23401.2378,214.4747091,23439.69922,1,1479.280583,38.46141681,0.001640866,Inf,5,5,0,-271.741982
bitcoin,11/11/2017,6618.14,960.8202418,6357.6,1,67881.0916,260.54,0.040980873,Inf,0,0,1,-106.7702359
ethereum,11/11/2017,292.6666684,30.73566978,314.68,1,484.5867693,22.01333163,0.069954658,Inf,0,3,0,-115.8907303
dji,11/12/2017,23367.59041,204.0194637,23439.69922,1,5199.681133,72.10881453,0.003076354,Inf,5,5,0,-273.6771241
bitcoin,11/12/2017,6357.6,926.585065,5950.07,1,166080.7009,407.53,0.068491631,Inf,0,0,1,-106.5454793
ethereum,11/12/2017,314.0267535,34.88730909,307.91,1,37.41467381,6.116753535,0.019865394,Inf,1,0,0,-121.1206122
dji,11/13/2017,23418.05411,224.1609786,23439.69922,1,468.5107553,21.64510927,0.000923438,Inf,5,4,0,-270.3519919
bitcoin,11/13/2017,5744.722121,711.2492693,6559.49,1,663846.6973,814.7678794,0.124212077,Inf,2,1,0,-106.4038429
ethereum,11/13/2017,308.1036196,34.41317623,316.72,1,74.24201196,8.616380444,0.027205041,Inf,1,0,0,-120.9667102
dji,11/14/2017,23472.95707,225.1592292,23409.4707,1,4030.519237,63.48637049,0.002711995,Inf,5,4,0,-270.5456118
bitcoin,11/14/2017,6559.49,1091.829875,6635.75,1,5815.5876,76.26,0.011492296,Inf,0,0,1,-98.85616143
ethereum,11/14/2017,314.2493049,35.13647296,337.63,1,546.6569018,23.38069507,0.06924946,Inf,1,0,0,-121.1246688
dji,11/15/2017,23351.53437,216.8450807,23271.2793,1,6440.876302,80.25507026,0.003448675,Inf,5,4,0,-271.3731888
bitcoin,11/15/2017,6635.75,1105.207565,7315.54,1,462114.4441,679.79,0.092924104,Inf,0,0,1,-98.82032781
ethereum,11/15/2017,329.3974038,39.82681512,333.36,1,15.70216903,3.962596249,0.011886838,Inf,1,0,0,-116.4499734
dji,11/16/2017,23280.7273,228.6605962,23458.35938,1,31553.15636,177.6320815,0.00757223,Inf,5,4,0,-268.8318195
bitcoin,11/16/2017,7315.54,1320.171914,7871.69,1,309302.8225,556.15,0.070651918,Inf,0,0,1,-94.18034724
ethereum,11/16/2017,325.2183907,37.07194085,330.92,1,32.50834865,5.701609303,0.01722957,Inf,1,0,0,-120.0517753
dji,11/17/2017,23389.21755,244.4311485,23358.24023,1,959.5944576,30.97732167,0.001326184,Inf,5,3,0,-266.6838278
bitcoin,11/17/2017,7871.69,1481.539746,7708.99,1,26471.29,162.7,0.021105229,Inf,0,0,1,-91.74842392
ethereum,11/17/2017,324.2052023,36.93924527,332.39,1,66.99091311,8.184797683,0.024624079,Inf,1,0,0,-120.0129787
dji,11/18/2017,23363.20346,224.1581392,23430.33008,1,4505.983672,67.12662417,0.002864946,Inf,5,5,0,-270.8856786
bitcoin,11/18/2017,7708.99,1450.930787,7790.15,1,6586.9456,81.16,0.010418285,Inf,0,0,1,-91.74790602
ethereum,11/18/2017,326.216415,37.20291676,347.61,1,457.6854777,21.39358497,0.061544791,Inf,1,0,0,-119.8483234
dji,11/19/2017,23365.00008,196.0487114,23430.33008,1,4268.009401,65.33000384,0.002788266,Inf,5,5,0,-276.4095323
bitcoin,11/19/2017,7790.15,1437.650806,8036.49,1,60683.3956,246.34,0.030652685,Inf,0,0,1,-92.88535786
ethereum,11/19/2017,341.2466815,40.38344016,354.39,1,172.746822,13.14331853,0.03708716,Inf,0,1,1,-116.1345445
dji,11/20/2017,23351.19637,201.2365084,23430.33008,1,6262.144082,79.13371015,0.003377405,Inf,5,5,0,-276.7306835
bitcoin,11/20/2017,8036.49,1494.186928,8200.64,1,26945.2225,164.15,0.02001673,Inf,0,0,1,-92.45509318
ethereum,11/20/2017,347.3001946,37.5586092,366.73,1,377.5173374,19.42980539,0.052981227,Inf,0,3,1,-115.2702964
dji,11/21/2017,23452.68691,207.864616,23590.83008,1,19083.5367,138.1431747,0.0058558,Inf,5,5,0,-275.6907035
bitcoin,11/21/2017,8200.64,1529.330439,8071.26,1,16739.1844,129.38,0.016029715,Inf,0,0,1,-92.27997107
ethereum,11/21/2017,366.73,46.77337194,360.4,1,40.0689,6.33,0.017563818,Inf,0,0,1,-114.2713624
dji,11/22/2017,23479.92302,178.6772207,23526.17969,1,2139.679622,46.2566711,0.001966179,Inf,4,4,0,-279.7288474
bitcoin,11/22/2017,8071.26,1506.144544,8253.55,1,33229.6441,182.29,0.022086254,Inf,0,0,1,-92.24378611
ethereum,11/22/2017,359.9201631,28.07979074,380.65,1,429.7261388,20.72983692,0.054459049,Inf,5,2,1,-115.0233627
dji,11/23/2017,23556.74126,155.4299767,23557.99023,1,1.559922471,1.248968563,5.30E-05,Inf,4,4,0,-288.6925025
bitcoin,11/23/2017,8253.55,1486.54005,8038.77,1,46130.4484,214.78,0.026718018,Inf,0,0,1,-94.2933289
ethereum,11/23/2017,380.65,49.2780766,410.17,1,871.4304,29.52,0.071970159,Inf,0,0,1,-113.4077231
dji,11/24/2017,23534.09317,150.8580667,23557.99023,1,571.0694083,23.89705857,0.001014393,Inf,5,5,0,-289.9516665
bitcoin,11/24/2017,8038.77,1437.290102,8253.69,1,46190.6064,214.92,0.026039262,Inf,0,0,1,-94.71701734
ethereum,11/24/2017,409.6421775,41.54597849,474.91,1,4259.888655,65.26782251,0.137431982,Inf,0,5,1,-108.7949175
dji,11/25/2017,23534.66063,127.5624859,23580.7793,1,2126.932168,46.11867483,0.001955774,Inf,5,5,0,-299.8606154
bitcoin,11/25/2017,8253.69,1475.685896,8790.92,1,288616.0729,537.23,0.06111192,Inf,0,0,1,-94.7182239
ethereum,11/25/2017,474.91,83.80572066,466.28,1,74.4769,8.63,0.018508193,Inf,0,0,1,-95.47526042
dji,11/26/2017,23539.89894,132.0456612,23580.7793,1,1671.203878,40.88036054,0.001733631,Inf,4,4,0,-297.7041817
bitcoin,11/26/2017,8790.92,1617.268715,9330.55,1,291200.5369,539.63,0.057834747,Inf,0,0,1,-93.06643968
ethereum,11/26/2017,466.28,82.51283682,471.33,1,25.5025,5.05,0.010714361,Inf,0,0,1,-95.31376607
dji,11/27/2017,23502.34436,129.6578473,23580.7793,1,6152.039123,78.4349356,0.003326223,Inf,4,4,0,-298.2877502
bitcoin,11/27/2017,9330.55,1763.552677,9818.35,1,237948.84,487.8,0.049682482,Inf,0,0,1,-91.50396605
ethereum,11/27/2017,471.33,83.47866758,480.36,1,81.5409,9.03,0.018798401,Inf,0,0,1,-95.26372239
dji,11/28/2017,23466.3078,137.0363456,23836.71094,1,137198.4836,370.4031366,0.015539188,Inf,4,4,0,-294.22462
bitcoin,11/28/2017,9981.682034,1755.778175,10058.8,1,5947.180718,77.11796625,0.007666716,Inf,1,0,1,-93.24895625
ethereum,11/28/2017,480.36,84.72006497,472.9,1,55.6516,7.46,0.015775005,Inf,0,0,1,-95.50761691
dji,11/29/2017,23661.95208,261.7135108,23940.67969,1,77689.08006,278.7276091,0.011642427,Inf,5,3,0,-263.6124144
bitcoin,11/29/2017,10143.67449,1777.184962,9888.61,1,65057.89367,255.0644892,0.025793766,Inf,1,0,1,-93.4614294
ethereum,11/29/2017,472.9,83.52539503,427.52,1,2059.3444,45.38,0.106147081,Inf,0,0,1,-95.42372689
dji,11/30/2017,24039.26119,267.3606272,24272.34961,1,54330.2108,233.0884184,0.009603043,Inf,5,5,0,-260.0956475
bitcoin,11/30/2017,9836.295041,1710.969887,10233.6,1,157851.2306,397.3049592,0.038823577,Inf,1,0,1,-93.90481906
ethereum,11/30/2017,427.52,81.78865325,447.11,1,383.7681,19.59,0.043814721,Inf,0,0,1,-90.80420491
dji,12/1/2017,24355.85243,278.9545212,24231.58984,1,15441.19222,124.2625938,0.005128124,Inf,5,5,0,-255.9128935
bitcoin,12/1/2017,10233.6,1863.422465,10975.6,1,550564,742,0.067604505,Inf,0,0,1,-93.66108145
ethereum,12/1/2017,447.11,85.3811445,466.54,1,377.5249,19.43,0.041647018,Inf,0,0,1,-90.9092614
dji,12/2/2017,24376.53729,288.4978808,24290.05078,1,7479.916548,86.48651079,0.003560573,Inf,5,5,0,-255.235153
bitcoin,12/2/2017,11207.20791,1993.141892,11074.6,1,17584.85699,132.607907,0.011974058,Inf,1,0,1,-92.63044357
ethereum,12/2/2017,466.54,90.12308481,463.45,1,9.5481,3.09,0.006667386,Inf,0,0,1,-90.24360729
dji,12/3/2017,24287.54671,289.9126256,24290.05078,1,6.270363979,2.504069484,0.00010309,Inf,5,4,0,-255.2472127
bitcoin,12/3/2017,11102.68007,1974.932333,11323.2,1,48629.0385,220.5199277,0.019475054,Inf,1,0,1,-92.62964951
ethereum,12/3/2017,463.45,87.09024755,465.85,1,5.76,2.4,0.005151873,Inf,0,0,1,-91.83879695
dji,12/4/2017,24224.39514,282.322844,24290.05078,1,4310.66283,65.65563822,0.002702985,Inf,4,5,0,-256.412392
bitcoin,12/4/2017,11394.66551,2024.753582,11657.2,1,68924.35926,262.5344916,0.022521231,Inf,1,0,1,-92.68923469
ethereum,12/4/2017,465.85,87.36121738,470.2,1,18.9225,4.35,0.009251382,Inf,0,0,1,-91.95785035
dji,12/5/2017,24374.60469,282.8545278,24180.64063,1,37622.05584,193.9640581,0.008021461,Inf,4,5,0,-256.0971329
bitcoin,12/5/2017,11761.59371,2091.693683,11916.7,1,24057.96112,155.1062898,0.013015876,Inf,1,0,1,-92.62606094
ethereum,12/5/2017,470.2,88.10162885,463.28,1,47.8864,6.92,0.014936971,Inf,0,0,1,-92.00728843
dji,12/6/2017,24089.85703,302.0071604,24140.91016,1,2606.422434,51.05313344,0.002114797,Inf,5,5,0,-252.6434105
bitcoin,12/6/2017,12003.20749,2074.084399,14291.5,1,5236282.622,2288.292512,0.160115629,Inf,1,0,1,-94.2761228
ethereum,12/6/2017,463.28,86.89834888,428.59,1,1203.3961,34.69,0.080939826,Inf,0,0,1,-91.94514742
dji,12/7/2017,23976.86997,292.1909179,24211.48047,1,55042.08671,234.6105,0.009690052,Inf,5,4,0,-253.9168041
bitcoin,12/7/2017,14949.14916,3027.6513,17899.7,1,8705750.24,2950.550837,0.164838005,Inf,0,2,1,-81.81042576
ethereum,12/7/2017,428.59,83.88150468,434.41,1,33.8724,5.82,0.013397482,Inf,0,0,1,-89.48781461
dji,12/8/2017,24206.04495,279.512633,24329.16016,1,15157.3561,123.1152147,0.005060397,Inf,5,5,0,-254.6412461
bitcoin,12/8/2017,21575.25401,4154.315086,16569.4,1,25058574.41,5005.854014,0.30211438,Inf,0,3,1,-79.46090099
ethereum,12/8/2017,434.41,83.77003963,456.03,1,467.4244,21.62,0.047409162,Inf,0,0,1,-90.34456022
dji,12/9/2017,24377.38412,282.0414428,24386.0293,1,74.73907572,8.645176442,0.000354513,Inf,5,5,0,-252.9241338
bitcoin,12/9/2017,15657.90649,4139.861857,15178.2,1,230118.3143,479.7064877,0.031604966,Inf,0,1,1,-69.63701792
ethereum,12/9/2017,456.03,88.53782319,473.5,1,305.2009,17.47,0.036895459,Inf,0,0,1,-89.95227208
dji,12/10/2017,24387.42375,281.2663381,24386.0293,1,1.944496562,1.394452065,5.72E-05,Inf,3,5,0,-253.0188818
bitcoin,12/10/2017,15527.84751,3727.183782,15455.4,1,5248.641711,72.44751004,0.004687521,Inf,1,1,1,-71.21473288
ethereum,12/10/2017,473.5,89.6539947,441.72,1,1009.9684,31.78,0.071946029,Inf,0,0,1,-91.40164103
dji,12/11/2017,24363.75369,280.2224534,24386.0293,1,496.2027385,22.2756086,0.000913458,Inf,5,5,0,-253.2764233
bitcoin,12/11/2017,15284.07321,3645.511883,16936.8,1,2731505.854,1652.726794,0.097581999,Inf,1,1,1,-71.50461892
ethereum,12/11/2017,437.4831346,66.18842428,515.14,1,6030.58874,77.65686537,0.15074905,Inf,1,3,1,-91.08131738
dji,12/12/2017,24411.56359,280.8248198,24504.80078,1,8693.173463,93.23718927,0.003804854,Inf,5,5,0,-253.1244787
bitcoin,12/12/2017,18020.63583,4374.573862,17415.4,1,366310.4079,605.2358283,0.03475291,Inf,0,1,1,-74.06113061
ethereum,12/12/2017,515.14,114.5442866,651.43,1,18574.9641,136.29,0.209216646,Inf,0,0,1,-82.1126472
dji,12/13/2017,24530.501,284.0806218,24585.42969,1,3017.161515,54.92869483,0.002234197,Inf,5,5,0,-252.9365399
bitcoin,12/13/2017,17093.64585,3961.387957,16408.2,1,469836.0096,685.4458473,0.041774591,Inf,0,1,1,-76.84935236
ethereum,12/13/2017,708.6581216,156.8287223,702.77,1,34.66997625,5.888121623,0.008378448,Inf,0,3,1,-71.49082766
dji,12/14/2017,24570.01359,281.8659695,24508.66016,1,3764.242899,61.35342614,0.002503337,Inf,5,5,0,-252.6405483
bitcoin,12/14/2017,15983.48567,3727.27106,16564,1,336996.8927,580.5143346,0.035046748,Inf,0,1,1,-76.4409542
ethereum,12/14/2017,633.7753759,136.4329223,695.82,1,3849.535378,62.04462408,0.089167635,Inf,0,3,1,-73.09770498
dji,12/15/2017,24534.83609,287.7877433,24651.74023,1,13666.57901,116.9041445,0.004742227,Inf,4,4,1,-249.8234468
bitcoin,12/15/2017,16968.10802,3960.965234,17706.9,1,545813.5945,738.7919833,0.041723395,Inf,0,1,1,-76.42667033
ethereum,12/15/2017,752.1644747,158.1360493,684.45,1,4585.250089,67.71447474,0.098932683,Inf,0,4,1,-72.10218831
dji,12/16/2017,24655.67142,313.5849594,24792.19922,1,18639.84055,136.5278014,0.005506885,Inf,5,5,0,-250.2133255
bitcoin,12/16/2017,18244.56444,4103.840981,19497.4,1,1569596.928,1252.835555,0.064256545,Inf,0,1,1,-78.46121027
ethereum,12/16/2017,681.5172027,175.9534158,696.21,1,215.8782918,14.69279728,0.021103973,Inf,0,1,1,-71.0090225
dji,12/17/2017,24882.49756,321.1630043,24792.19922,1,8153.789669,90.29833702,0.003642208,Inf,5,5,0,-249.1157338
bitcoin,12/17/2017,20447.70615,4668.939431,19140.8,1,1708003.685,1306.90615,0.068278554,Inf,0,1,1,-77.48466335
ethereum,12/17/2017,702.3099169,181.502037,719.98,1,312.2318372,17.67008311,0.024542464,Inf,0,1,1,-70.94853557
dji,12/18/2017,24726.52113,311.4315877,24792.19922,1,4313.611156,65.67808733,0.002649143,Inf,5,5,0,-250.5289224
bitcoin,12/18/2017,18220.3765,4244.637837,19114.2,1,798920.4434,893.8234968,0.046762276,Inf,0,1,1,-76.30899565
ethereum,12/18/2017,727.4419524,186.8680097,794.64,1,4515.577608,67.19804765,0.084564139,Inf,0,1,1,-71.2850804
dji,12/19/2017,24826.8306,314.8471431,24754.75,1,5195.612998,72.08060071,0.002911789,Inf,5,5,0,-250.0866524
bitcoin,12/19/2017,19741.87092,4654.726571,17776.7,1,3861896.737,1965.170918,0.110547566,Inf,0,1,1,-75.71542037
ethereum,12/19/2017,825.0804556,218.5296205,826.82,1,3.026014586,1.739544361,0.002103897,Inf,0,1,1,-69.51517661
dji,12/20/2017,24765.07343,318.3591039,24726.65039,1,1476.330177,38.42304226,0.001553912,Inf,5,5,0,-249.712115
bitcoin,12/20/2017,16702.70727,4093.943374,16624.6,1,6100.745176,78.10726712,0.004698295,Inf,0,1,1,-73.65843042
ethereum,12/20/2017,826.9876247,216.7099675,819.09,1,62.3724757,7.897624687,0.00964195,Inf,0,1,1,-70.10891089
dji,12/21/2017,24600.60793,316.6154033,24782.28906,1,33008.03124,181.6811252,0.007331087,Inf,5,5,0,-250.5890291
bitcoin,12/21/2017,16615.87844,4036.36637,15802.9,1,660933.9429,812.9784394,0.051444889,Inf,0,1,1,-74.12126683
ethereum,12/21/2017,815.7253345,212.2892103,821.06,1,28.45865608,5.334665508,0.006497291,Inf,0,1,1,-70.48340346
dji,12/22/2017,24743.05966,286.6461744,24754.06055,1,121.0195553,11.00088884,0.000444407,Inf,5,4,0,-251.8714116
bitcoin,12/22/2017,15335.78037,3741.822035,13831.8,1,2261956.959,1503.980372,0.108733525,Inf,0,1,1,-73.93184678
ethereum,12/22/2017,823.576289,211.6651992,674.86,1,22116.53463,148.716289,0.220366134,Inf,0,1,1,-71.17393344
dji,12/23/2017,24663.43377,276.3065691,24746.21094,1,6852.060682,82.77717489,0.003345044,Inf,3,5,0,-254.6401272
bitcoin,12/23/2017,12943.24305,3272.588212,14699.2,1,3083384.824,1755.956954,0.119459355,Inf,0,1,1,-71.68049485
ethereum,12/23/2017,612.1107334,180.896215,719.39,1,11508.84105,107.2792666,0.149125324,Inf,0,1,1,-63.12661779
dji,12/24/2017,24780.89534,273.9435145,24746.21094,1,1203.00735,34.68439635,0.001401604,Inf,4,4,0,-255.8082916
bitcoin,12/24/2017,16144.48262,4343.045707,13925.8,1,4922552.58,2218.682623,0.159321735,Inf,0,1,1,-68.01973785
ethereum,12/24/2017,719.39,217.03792,694.15,1,637.0576,25.24,0.036361017,Inf,0,0,1,-64.51340872
dji,12/25/2017,24840.04642,267.9665186,24746.21094,1,8805.096471,93.83547555,0.003791913,Inf,5,5,0,-255.9105503
bitcoin,12/25/2017,13288.9543,3789.430981,14026.6,1,544121.1827,737.6457027,0.05258906,Inf,0,1,1,-65.23567457
ethereum,12/25/2017,694.15,210.0035247,765.83,1,5138.0224,71.68,0.093597796,Inf,0,0,1,-64.35407815
dji,12/26/2017,24724.00817,262.9328019,24746.21094,1,492.9629206,22.20276831,0.000897219,Inf,5,5,0,-255.3790737
bitcoin,12/26/2017,14257.98834,4075.282041,16099.8,1,3392270.202,1841.811663,0.114399661,Inf,0,1,1,-65.16842057
ethereum,12/26/2017,765.83,238.0995035,773.84,1,64.1601,8.01,0.010350977,Inf,0,0,1,-62.7833287
dji,12/27/2017,24594.60177,262.073585,24774.30078,1,32291.73241,179.699005,0.007253444,Inf,5,5,0,-255.3492259
bitcoin,12/27/2017,15976.59535,4377.861352,15838.5,1,19070.32447,138.0953456,0.008718966,Inf,1,1,1,-63.74458191
ethereum,12/27/2017,773.84,240.4210233,762.84,1,121,11,0.0144198,Inf,0,0,1,-62.82371913
dji,12/28/2017,24764.81376,292.7849271,24837.50977,1,5284.709883,72.69601009,0.002926864,Inf,5,5,0,-256.0955309
bitcoin,12/28/2017,15831.15778,4338.5903,14606.5,1,1499786.688,1224.657784,0.083843343,Inf,1,1,1,-63.73823944
ethereum,12/28/2017,762.84,236.9770349,737.02,1,666.6724,25.82,0.035032971,Inf,0,0,1,-62.83014018
dji,12/29/2017,24874.16606,301.770587,24719.2207,1,24008.06331,154.9453559,0.006268214,Inf,5,5,0,-254.3338071
bitcoin,12/29/2017,14061.12196,3946.436244,14656.2,1,354117.8706,595.0780374,0.040602478,Inf,1,1,1,-62.4674652
ethereum,12/29/2017,737.02,223.1419785,753.59,1,274.5649,16.57,0.021988084,Inf,0,0,1,-64.31050315
dji,12/30/2017,24621.43437,188.2726976,24824.00977,1,41036.79375,202.5754026,0.008160463,Inf,3,5,0,-279.7514434
bitcoin,12/30/2017,15160.74028,4291.92788,12952.2,1,4877650.165,2208.540279,0.170514683,Inf,1,1,1,-62.19006302
ethereum,12/30/2017,753.59,227.1436033,717.26,1,1319.8689,36.33,0.050651089,Inf,0,0,1,-64.56720434
dji,12/31/2017,24833.47053,221.9447407,24824.00977,1,89.50601266,9.460761738,0.000381113,Inf,4,5,0,-272.0842727
bitcoin,12/31/2017,12224.07822,3845.948019,14156.4,1,3733867.461,1932.32178,0.136498105,Inf,0,1,1,-59.59419639
ethereum,12/31/2017,717.26,216.5971386,756.73,1,1557.8809,39.47,0.05215863,Inf,0,0,1,-64.45974067
dji,1/1/2018,24780.46726,220.5747242,24824.00977,1,1895.949858,43.54250633,0.001754048,Inf,4,5,0,-272.9531142
bitcoin,1/1/2018,14156.4,4768.466323,13657.2,1,249200.64,499.2,0.036552148,Inf,0,0,1,-58.17565771
ethereum,1/1/2018,756.73,230.4128214,772.64,1,253.1281,15.91,0.020591737,Inf,0,0,1,-63.98396405
dji,1/2/2018,24874.44939,220.1551253,24824.00977,1,2544.155299,50.43962033,0.002031889,Inf,4,5,0,-272.8648507
bitcoin,1/2/2018,13657.2,4609.018496,14982.1,1,1755360.01,1324.9,0.088432196,Inf,0,0,1,-58.06704567
ethereum,1/2/2018,772.64,235.5343345,884.44,1,12499.24,111.8,0.12640767,Inf,0,0,1,-63.91619322
dji,1/3/2018,24778.41159,222.1266972,24922.67969,1,20813.28342,144.2680957,0.005788627,Inf,4,5,0,-272.428465
bitcoin,1/3/2018,14982.1,5147.951983,15201,1,47917.21,218.9,0.014400368,Inf,0,0,1,-57.03322768
ethereum,1/3/2018,884.44,283.4593421,962.72,1,6127.7584,78.28,0.081311285,Inf,0,0,1,-61.03533994
dji,1/4/2018,24925.99658,242.8956458,25075.13086,1,22241.03269,149.1342774,0.005947497,Inf,2,3,0,-272.8744709
bitcoin,1/4/2018,15215.2221,4936.791815,15599.2,1,147439.0243,383.9778955,0.02461523,Inf,1,0,0,-57.33795116
ethereum,1/4/2018,962.72,314.1424268,980.92,1,331.24,18.2,0.018554011,Inf,0,0,1,-60.00200256
dji,1/5/2018,25030.61915,235.7934592,25295.86914,1,70357.55583,265.2499874,0.010485901,Inf,5,4,0,-269.5215194
bitcoin,1/5/2018,15621.60491,4541.271815,17429.5,1,3268484.664,1807.895092,0.103726159,Inf,1,0,0,-64.03334571
ethereum,1/5/2018,980.92,315.4229212,997.72,1,282.24,16.8,0.016838392,Inf,0,0,1,-60.84501177
dji,1/6/2018,25324.91581,284.1302631,25283,1,1756.935057,41.91580916,0.001657865,Inf,5,5,0,-260.0219495
bitcoin,1/6/2018,17142.69347,4541.448773,17527,1,147691.5082,384.3065289,0.021926544,Inf,1,0,0,-69.35614698
ethereum,1/6/2018,997.72,320.9140998,1041.68,1,1932.4816,43.96,0.04220106,Inf,0,0,1,-60.82906034
dji,1/7/2018,25401.78184,271.3335678,25283,1,14109.12491,118.7818375,0.004698091,Inf,5,5,0,-262.0701056
bitcoin,1/7/2018,17183.91052,4444.799588,16477.6,1,498874.557,706.3105245,0.042864891,Inf,1,0,0,-70.79306753
ethereum,1/7/2018,1041.68,334.617137,1153.17,1,12430.0201,111.49,0.096681322,Inf,0,0,1,-60.90404627
dji,1/8/2018,25329.47966,281.6130018,25283,1,2160.358756,46.4796596,0.001838376,Inf,4,3,0,-261.9037486
bitcoin,1/8/2018,16335.46355,4157.925831,15170.1,1,1358072.211,1165.363553,0.076819767,Inf,1,0,0,-71.75574125
ethereum,1/8/2018,1245.035858,346.2565235,1148.53,1,9313.380586,96.50585778,0.084025544,Inf,0,2,1,-60.72523413
dji,1/9/2018,25303.95953,281.4586203,25385.80078,1,6697.99064,81.84125268,0.003223899,Inf,5,5,0,-261.6967732
bitcoin,1/9/2018,15317.37935,3975.007395,14595.4,1,521254.1766,721.9793464,0.049466225,Inf,1,0,0,-70.63631632
ethereum,1/9/2018,1116.842797,272.2620755,1299.74,1,33451.38672,182.8972026,0.1407183,Inf,0,2,1,-68.31820778
dji,1/10/2018,25346.26474,281.944541,25369.13086,1,522.859639,22.86612427,0.000901337,Inf,5,5,0,-261.0880072
bitcoin,1/10/2018,14861.86683,3801.579345,14973.3,1,12417.3505,111.433166,0.007442125,Inf,1,0,0,-71.42249067
ethereum,1/10/2018,1285.958747,350.2490074,1255.82,1,908.3440419,30.13874652,0.023999257,Inf,0,2,1,-63.71734437
dji,1/11/2018,25443.13322,244.0216188,25574.73047,1,17317.83724,131.5972539,0.005145597,Inf,4,5,0,-265.4521431
bitcoin,1/11/2018,15165.8512,3879.379999,13405.8,1,3097780.21,1760.051195,0.131290277,Inf,1,0,0,-71.42106565
ethereum,1/11/2018,1323.312379,313.9250591,1154.93,1,28352.62558,168.3823791,0.145794446,Inf,0,2,1,-72.62813263
dji,1/12/2018,25581.63641,250.8115086,25803.18945,1,49085.74843,221.5530375,0.008586266,Inf,4,5,0,-263.3876563
bitcoin,1/12/2018,13831.1021,3669.940773,13980.6,1,22349.62148,149.4978979,0.010693239,Inf,1,0,0,-69.21072647
ethereum,1/12/2018,1154.93,311.1961438,1273.2,1,13987.7929,118.27,0.092891926,Inf,0,0,1,-71.02587956
dji,1/13/2018,25989.87241,266.1839202,25792.85938,1,38814.13568,197.0130343,0.007638278,Inf,4,5,0,-258.9735182
bitcoin,1/13/2018,14303.7182,3797.718199,14360.2,1,3190.193457,56.48179758,0.003933218,Inf,1,0,0,-69.19315946
ethereum,1/13/2018,1273.2,354.786297,1396.42,1,15183.1684,123.22,0.088239928,Inf,0,0,1,-69.08919389
dji,1/14/2018,25809.35515,309.6710539,25792.85938,1,272.1105637,16.49577412,0.000639548,Inf,4,3,0,-256.377106
bitcoin,1/14/2018,14608.18859,3854.122901,13772,1,699211.3529,836.1885869,0.060716569,Inf,1,0,0,-69.52039634
ethereum,1/14/2018,1396.42,400.0833362,1366.77,1,879.1225,29.65,0.021693482,Inf,0,0,1,-67.48858765
dji,1/15/2018,25863.12631,276.8872252,25792.85938,1,4937.440753,70.26692503,0.002724278,Inf,5,5,0,-262.060591
bitcoin,1/15/2018,13772,3741.396507,13819.8,1,2284.84,47.8,0.003458805,Inf,0,0,1,-70.55354552
ethereum,1/15/2018,1366.77,391.8066392,1291.92,1,5602.5225,74.85,0.057937024,Inf,0,0,1,-67.45649306
dji,1/16/2018,25813.77236,297.7043411,25792.85938,1,437.3527095,20.91297945,0.000810805,Inf,5,5,0,-259.4087304
bitcoin,1/16/2018,13819.8,3749.894778,11490.5,1,5425638.49,2329.3,0.202715287,Inf,0,0,1,-70.62249075
ethereum,1/16/2018,1291.92,372.8166998,1053.69,1,56753.5329,238.23,0.226091165,Inf,0,0,1,-67.07403249
dji,1/17/2018,25829.10464,260.4790092,26115.65039,1,82108.46582,286.5457482,0.010972185,Inf,3,4,0,-263.0491269
bitcoin,1/17/2018,11490.5,3483.858259,11188.6,1,91143.61,301.9,0.026982822,Inf,0,0,1,-64.22838558
ethereum,1/17/2018,1053.69,333.8545882,1014.25,1,1555.5136,39.44,0.038885876,Inf,0,0,1,-61.69461602
dji,1/18/2018,26260.08378,311.3906124,26017.81055,1,58696.31783,242.2732297,0.009311822,Inf,5,5,1,-251.9067027
bitcoin,1/18/2018,11188.6,3346.828201,11474.9,1,81967.69,286.3,0.024950108,Inf,0,0,1,-65.00568388
ethereum,1/18/2018,1014.25,321.2543027,1036.28,1,485.3209,22.03,0.021258733,Inf,0,0,1,-61.71323286
dji,1/19/2018,26073.8381,290.9967067,26071.7207,1,4.483395051,2.117402902,8.12E-05,Inf,4,5,0,-256.4046798
bitcoin,1/19/2018,11474.9,3392.519149,11607.4,1,17556.25,132.5,0.011415132,Inf,0,0,1,-65.67976382
ethereum,1/19/2018,1036.28,328.5610884,1039.1,1,7.9524,2.82,0.002713887,Inf,0,0,1,-61.65560606
dji,1/20/2018,26076.94442,277.5627032,26214.59961,1,18948.95241,137.6551939,0.005251089,Inf,4,5,0,-258.5499464
bitcoin,1/20/2018,11607.4,3405.87365,12899.2,1,1668747.24,1291.8,0.100145745,Inf,0,0,1,-66.11466604
ethereum,1/20/2018,1039.1,329.4566179,1155.15,1,13467.6025,116.05,0.100463143,Inf,0,0,1,-61.6553572
dji,1/21/2018,26225.15286,271.2843004,26214.59961,1,111.3710837,10.55324991,0.000402571,Inf,3,5,0,-257.2849104
bitcoin,1/21/2018,13142.13881,3534.8228,11600.1,1,2377883.705,1542.038814,0.132933235,Inf,1,0,0,-68.42467266
ethereum,1/21/2018,1155.15,338.4970739,1049.58,1,11145.0249,105.57,0.10058309,Inf,0,0,1,-66.19118679
dji,1/22/2018,26171.55258,275.8865555,26214.59961,1,1853.046691,43.04702883,0.001642101,Inf,3,4,0,-255.8685121
bitcoin,1/22/2018,11600.1,3413.866215,10931.4,1,447159.69,668.7,0.061172402,Inf,0,0,1,-65.94345025
ethereum,1/22/2018,1049.58,312.4350181,1003.26,1,2145.5424,46.32,0.046169487,Inf,0,0,1,-65.2858827
dji,1/23/2018,26255.87365,293.3971001,26210.81055,1,2030.683286,45.06310338,0.001719256,Inf,5,4,0,-254.1330367
bitcoin,1/23/2018,10931.4,3223.093554,10868.4,1,3969,63,0.005796621,Inf,0,0,1,-65.83573176
ethereum,1/23/2018,1003.26,299.335948,986.23,1,290.0209,17.03,0.017267777,Inf,0,0,1,-65.15314358
dji,1/24/2018,26213.84085,308.904776,26252.11914,1,1465.227187,38.2782861,0.001458103,Inf,4,5,0,-253.098976
bitcoin,1/24/2018,10868.4,3204.3338,11359.4,1,241081,491,0.043224114,Inf,0,0,1,-65.83904515
ethereum,1/24/2018,986.23,285.8151652,1058.78,1,5263.5025,72.55,0.068522261,Inf,0,0,1,-66.82901607
dji,1/25/2018,26233.99399,306.3265211,26392.78906,1,25215.87431,158.7950702,0.006016608,Inf,4,5,0,-253.4084538
bitcoin,1/25/2018,11359.4,3167.757055,11259.4,1,10000,100,0.008881468,Inf,0,0,1,-69.04589924
ethereum,1/25/2018,1058.78,311.6428532,1056.03,1,7.5625,2.75,0.002604093,Inf,0,0,1,-65.93460865
dji,1/26/2018,26368.02078,293.4732892,26616.71094,1,61846.79684,248.6901623,0.009343384,Inf,5,5,0,-255.3754574
bitcoin,1/26/2018,11259.4,3137.815718,11171.4,1,7744,88,0.007877258,Inf,0,0,1,-69.08362346
ethereum,1/26/2018,1056.03,310.6422406,1055.17,1,0.7396,0.86,0.000815035,Inf,0,0,1,-65.97003823
dji,1/27/2018,26542.91481,337.8840647,26439.48047,1,10698.66233,103.4343382,0.003912117,Inf,5,4,1,-245.8307327
bitcoin,1/27/2018,11171.4,3042.632023,11440.7,1,72522.49,269.3,0.023538769,Inf,0,0,1,-70.40685639
ethereum,1/27/2018,1055.17,309.2448685,1107.07,1,2693.61,51.9,0.046880504,Inf,0,0,1,-66.1827621
dji,1/28/2018,26461.39887,293.0983875,26439.48047,1,480.4164069,21.91840338,0.000829003,Inf,5,5,1,-251.7081984
bitcoin,1/28/2018,11440.7,3122.234689,11786.3,1,119439.36,345.6,0.029322179,Inf,0,0,1,-70.29122963
ethereum,1/28/2018,1107.07,326.2888759,1246.01,1,19304.3236,138.94,0.111507933,Inf,0,0,1,-65.85826541
dji,1/29/2018,26474.96514,292.470162,26439.48047,1,1259.16203,35.48467317,0.001342109,Inf,5,5,1,-251.6985072
bitcoin,1/29/2018,11786.3,3045.403041,11296.4,1,240002.01,489.9,0.043367799,Inf,0,0,1,-73.44405486
ethereum,1/29/2018,1246.01,380.1278451,1182.36,1,4051.3225,63.65,0.053833012,Inf,0,0,1,-63.87230921
dji,1/30/2018,26461.55097,292.9532677,26076.89063,1,147963.5739,384.6603357,0.014751005,Inf,5,5,1,-251.7609611
bitcoin,1/30/2018,11296.4,2846.490293,10106.3,1,1416338.01,1190.1,0.11775823,Inf,0,0,1,-74.89162988
ethereum,1/30/2018,1182.36,360.584382,1071.13,1,12372.1129,111.23,0.103843604,Inf,0,0,1,-63.89231788
dji,1/31/2018,26215.41045,383.836728,26149.39063,1,4358.615995,66.01981517,0.002524717,Inf,4,5,0,-240.6374115
bitcoin,1/31/2018,10106.3,2663.235303,10221.1,1,13179.04,114.8,0.011231668,Inf,0,0,1,-72.3085937
ethereum,1/31/2018,1071.13,335.364533,1118.31,1,2225.9524,47.18,0.04218866,Inf,0,0,1,-62.37940236
dji,2/1/2018,26155.11384,377.1060184,26186.71094,1,998.3766854,31.59709932,0.001206608,Inf,5,5,0,-240.4607495
bitcoin,2/1/2018,10702.6184,1936.016212,9170.54,1,2347264.222,1532.078399,0.167065233,Inf,0,5,1,-75.09292058
ethereum,2/1/2018,1110.95687,314.7811602,1036.79,1,5500.724567,74.16686974,0.071535094,Inf,1,0,0,-65.31256999
dji,2/2/2018,26067.55737,381.716054,25520.96094,1,298767.661,546.5964334,0.021417549,Inf,4,5,0,-239.9383775
bitcoin,2/2/2018,9170.54,2445.455743,8830.75,1,115457.2441,339.79,0.038478045,Inf,0,0,1,-71.62511413
ethereum,2/2/2018,1052.191056,290.7598683,915.78,1,18607.97618,136.4110559,0.148956142,Inf,1,0,0,-66.97580617
dji,2/3/2018,25587.22278,491.7121444,24345.75,1,1541254.662,1241.47278,0.050993409,Inf,5,5,0,-226.4468813
bitcoin,2/3/2018,8830.75,2361.555558,9174.91,1,118446.1056,344.16,0.037510995,Inf,0,0,1,-71.46105731
ethereum,2/3/2018,945.7776316,263.5349719,964.02,1,332.7840047,18.2423684,0.018923226,Inf,1,1,0,-63.78870808
dji,2/4/2018,23938.41936,748.8881179,24345.75,1,165918.2516,407.3306416,0.016731078,Inf,4,5,0,-198.944807
bitcoin,2/4/2018,9174.91,2351.75955,8277.01,1,806224.41,897.9,0.108481203,Inf,0,0,1,-73.9057672
ethereum,2/4/2018,1037.492448,286.7546612,834.68,1,41132.88899,202.8124478,0.242982278,Inf,1,1,0,-64.30276142
dji,2/5/2018,24587.24658,785.3295659,24345.75,1,58320.59893,241.4965816,0.009919455,Inf,5,5,0,-196.7525619
bitcoin,2/5/2018,8277.01,2211.222601,6955.27,1,1746996.628,1321.74,0.190034319,Inf,0,0,1,-71.51968538
ethereum,2/5/2018,834.68,274.2508348,697.95,1,18695.0929,136.73,0.195902285,Inf,0,0,1,-59.60468478
dji,2/6/2018,23854.89281,755.181347,24912.76953,1,1119103.145,1057.876715,0.042463232,Inf,5,5,0,-196.400637
bitcoin,2/6/2018,6955.27,2034.611273,7754,1,637969.6129,798.73,0.10300877,Inf,0,0,1,-66.29052328
ethereum,2/6/2018,697.95,241.4300759,793.12,1,9057.3289,95.17,0.119994452,Inf,0,0,1,-56.64899129
dji,2/7/2018,25736.49732,853.5279041,24893.34961,1,710898.0604,843.1477097,0.0338704,Inf,5,5,0,-193.6223174
bitcoin,2/7/2018,7754,2303.484215,7621.3,1,17609.29,132.7,0.017411728,Inf,0,0,1,-65.40317933
ethereum,2/7/2018,793.12,284.2906035,757.07,1,1299.6025,36.05,0.04761779,Inf,0,0,1,-54.60563089
dji,2/8/2018,25200.22129,870.4193778,23860.46094,1,1794957.784,1339.760346,0.05614981,Inf,4,5,0,-192.3716802
bitcoin,2/8/2018,7621.3,2255.817052,8265.59,1,415109.6041,644.29,0.077948459,Inf,0,0,1,-65.61327988
ethereum,2/8/2018,757.07,263.7606768,817.81,1,3689.3476,60.74,0.07427153,Inf,0,0,1,-56.23813536
dji,2/9/2018,23967.39735,962.1734915,24190.90039,1,49953.60782,223.5030376,0.009239137,Inf,5,5,0,-183.0541183
bitcoin,2/9/2018,8265.59,2490.66392,8736.98,1,222208.5321,471.39,0.053953426,Inf,0,0,1,-64.58365631
ethereum,2/9/2018,817.81,287.9359013,883.87,1,4363.9236,66.06,0.074739498,Inf,0,0,1,-55.63399479
dji,2/10/2018,24860.35002,988.4867486,24601.26953,1,67122.7017,259.0804927,0.010531184,Inf,3,5,0,-183.4227696
bitcoin,2/10/2018,8736.98,2560.377852,8621.9,1,13243.4064,115.08,0.013347406,Inf,0,0,1,-66.18771458
ethereum,2/10/2018,883.87,310.5287089,860.41,1,550.3716,23.46,0.027266071,Inf,0,0,1,-55.75694923
dji,2/11/2018,25024.91679,999.7283407,24601.26953,1,179477.0016,423.6472608,0.017220545,Inf,5,5,0,-183.2120971
bitcoin,2/11/2018,8621.9,2514.077968,8129.97,1,241995.1249,491.93,0.060508218,Inf,0,0,1,-66.47508281
ethereum,2/11/2018,860.41,296.4173879,814.66,1,2093.0625,45.75,0.056158397,Inf,0,0,1,-56.88292288
dji,2/12/2018,24598.08791,1050.52526,24601.26953,1,10.12269011,3.181617531,0.000129327,Inf,3,5,0,-180.7604142
bitcoin,2/12/2018,8129.97,2391.028212,8926.57,1,634571.56,796.6,0.089239204,Inf,0,0,1,-65.98177309
ethereum,2/12/2018,814.66,277.0897888,868.71,1,2921.4025,54.05,0.062218692,Inf,0,0,1,-57.61758101
dji,2/13/2018,24406.9709,1040.842667,24640.44922,1,54512.12514,233.4783183,0.009475408,Inf,3,5,0,-180.8107189
bitcoin,2/13/2018,8926.57,2681.724615,8598.31,1,107754.6276,328.26,0.03817727,Inf,0,0,1,-64.75753473
ethereum,2/13/2018,868.71,297.9917591,845.26,1,549.9025,23.45,0.027742943,Inf,0,0,1,-57.13009428
dji,2/14/2018,24766.39747,1004.011447,24893.49023,1,16152.57081,127.0927646,0.005105462,Inf,4,5,0,-180.3505124
bitcoin,2/14/2018,8598.31,2593.798607,9494.63,1,803389.5424,896.32,0.094402836,Inf,0,0,1,-64.51978035
ethereum,2/14/2018,845.26,288.3305659,923.56,1,6130.89,78.3,0.084780631,Inf,0,0,1,-57.45139891
dji,2/15/2018,25147.14564,1075.688524,25200.36914,1,2832.741174,53.22350209,0.002112013,Inf,4,5,0,-180.9355867
bitcoin,2/15/2018,9494.63,2651.328238,10166.4,1,451274.9329,671.77,0.066077471,Inf,0,0,1,-68.96774453
ethereum,2/15/2018,923.56,289.3927352,936.98,1,180.0964,13.42,0.014322611,Inf,0,0,1,-62.33335834
dji,2/16/2018,25105.43565,1049.737292,25219.38086,1,12983.51001,113.9452062,0.00451816,Inf,5,5,0,-181.8755448
bitcoin,2/16/2018,10166.4,2877.397343,10233.9,1,4556.25,67.5,0.006595726,Inf,0,0,1,-68.19192224
ethereum,2/16/2018,941.9562052,278.0553972,944.21,1,5.07959119,2.253794842,0.002386964,Inf,1,0,0,-62.69678875
dji,2/17/2018,25419.09907,964.5849734,24964.75,1,206433.0746,454.3490669,0.018199624,Inf,5,4,0,-183.2607375
bitcoin,2/17/2018,10233.9,2890.724213,11112.7,1,772289.44,878.8,0.079080691,Inf,0,0,1,-68.30697018
ethereum,2/17/2018,948.1589318,279.8048236,974.12,1,673.9770609,25.96106818,0.026650791,Inf,1,0,0,-62.7095016
dji,2/18/2018,25090.46479,1063.553046,24964.75,1,15804.20952,125.7147944,0.005035692,Inf,5,5,0,-181.3025302
bitcoin,2/18/2018,11112.7,3208.492523,10551.8,1,314608.81,560.9,0.053156807,Inf,0,0,1,-67.04462627
ethereum,2/18/2018,973.1081807,287.7401188,923.92,1,2419.477123,49.18818072,0.053238571,Inf,1,0,0,-62.60067987
dji,2/19/2018,25122.63979,1059.458636,24964.75,1,24929.18573,157.8897898,0.006324509,Inf,4,5,0,-181.2976796
bitcoin,2/19/2018,10551.8,2962.441353,11225.3,1,453602.25,673.5,0.059998396,Inf,0,0,1,-68.65754793
ethereum,2/19/2018,923.92,282.1954063,943.87,1,398.0025,19.95,0.021136385,Inf,0,0,1,-63.80506127
