currency,train_start,forecast_actual,volatility,actual_val,num_forecast_vals,mspe,mae,mape,pm,optimal_p,optimal_q,optimal_d,optimal_aic,risk_adj_return,buy_sell,profits
ethereum,17348,294.92,80.25608298,274.6,1,412.9024,20.32,0.073998543,Inf,0,0,1,-70.45571592,0,0,0
ethereum,17349,274.6,76.08081125,287.99,1,179.2921,13.39,0.04649467,Inf,0,0,1,-69.42036745,0,0,0
ethereum,17350,287.99,80.4184455,282.9,1,25.9081,5.09,0.017992223,Inf,0,0,1,-68.96869809,0,0,0
ethereum,17351,282.9,76.88976885,273.3,1,92.16,9.6,0.035126235,Inf,0,0,1,-70.52714563,0,0,0
ethereum,17352,273.3,74.5581449,268.77,1,20.5209,4.53,0.01685456,Inf,0,0,1,-70.31213301,0,0,0
ethereum,17353,268.77,72.35954995,270.55,1,3.1684,1.78,0.006579191,Inf,0,0,1,-71.07413249,0,0,0
ethereum,17354,270.55,72.6886621,245.99,1,603.1936,24.56,0.099841457,Inf,0,0,1,-71.1930719,0,0,0
ethereum,17355,245.99,68.23239083,251.7,1,32.6041,5.71,0.022685737,Inf,0,0,1,-69.35420867,0,0,0
ethereum,17356,251.7,68.60443317,242.14,1,91.3936,9.56,0.039481292,Inf,0,0,1,-70.36343413,0,0,0
ethereum,17357,242.14,58.07756398,215.36,1,717.1684,26.78,0.124349926,Inf,0,0,1,-77.73904923,0,0,0
ethereum,17358,215.36,54.83919444,197.4,1,322.5616,17.96,0.090982776,Inf,0,0,1,-74.28634174,0,0,0
ethereum,17359,197.4,46.05307886,230.77,1,1113.5569,33.37,0.144602851,Inf,0,0,1,-79.33828244,0,0,0
ethereum,17360,230.77,59.92610901,209.73,1,442.6816,21.04,0.100319458,Inf,0,0,1,-73.15592612,0,0,0
ethereum,17361,209.73,54.19553407,199.66,1,101.4049,10.07,0.050435741,Inf,0,0,1,-73.43931896,0,0,0
ethereum,17362,199.66,52.07906442,170.66,1,841,29,0.169928513,Inf,0,0,1,-72.89889772,0,0,0
ethereum,17363,170.66,48.56292273,157.36,1,176.89,13.3,0.084519573,Inf,0,0,1,-67.88142528,0,0,0
ethereum,17364,157.36,45.65827971,193.42,1,1300.3236,36.06,0.186433668,Inf,0,0,1,-66.76029631,0,0,0
ethereum,17365,193.42,63.22853956,234.39,1,1678.5409,40.97,0.174794147,Inf,0,0,1,-59.89805722,0,0,0
ethereum,17366,234.39,83.46125827,199.7,1,1203.3961,34.69,0.173710566,Inf,0,0,1,-54.9859603,-0.291275479,-1,0
ethereum,17367,181.6293397,62.039758,227.26,1,2082.157155,45.63066025,0.200786149,Inf,2,0,1,-52.16822597,0,0,-27.56
ethereum,17368,227.26,87.15020145,218.31,1,80.1025,8.95,0.040996748,Inf,0,0,1,-50.73349563,0,0,0
ethereum,17369,218.31,83.96676047,229.48,1,124.7689,11.17,0.048675266,Inf,0,0,1,-50.56349257,0,0,0
ethereum,17370,229.48,88.6249072,225.95,1,12.4609,3.53,0.015622925,Inf,0,0,1,-50.32901007,0,0,0
ethereum,17371,225.95,86.83160627,224.71,1,1.5376,1.24,0.005518223,Inf,0,0,1,-50.61208632,0,0,0
ethereum,17372,224.71,85.68145579,206.71,1,324,18,0.087078516,Inf,0,0,1,-51.06089487,0,0,0
ethereum,17373,206.71,78.1813967,203.95,1,7.6176,2.76,0.013532729,Inf,0,0,1,-51.52581599,0,0,0
ethereum,17374,203.95,76.39934667,204.32,1,0.1369,0.37,0.001810885,Inf,0,0,1,-52.07710234,0,0,0
ethereum,17375,204.32,74.65066959,193.12,1,125.44,11.2,0.057995029,Inf,0,0,1,-53.50908411,0,0,0
ethereum,17376,193.12,70.10832213,205.79,1,160.5289,12.67,0.061567617,Inf,0,0,1,-53.87641333,0,0,0
ethereum,17377,205.79,75.21708877,197.98,1,60.9961,7.81,0.039448429,Inf,0,0,1,-53.48670315,0,0,0
ethereum,17378,197.98,71.83265453,203.87,1,34.6921,5.89,0.02889096,Inf,0,0,1,-53.90834965,0,0,0
ethereum,17379,203.87,73.75533976,226.77,1,524.41,22.9,0.100983375,Inf,0,0,1,-54.0748846,-0.007325193,0,0
ethereum,17380,226.1921548,78.88463944,219.95,1,38.96449606,6.242154761,0.028379881,Inf,1,0,0,-53.00977892,0.00259541,0,0
ethereum,17381,220.1467493,75.80664488,225.34,1,26.96985294,5.19325071,0.023046289,Inf,1,0,0,-53.90723228,-0.026897108,0,0
ethereum,17382,223.2920976,76.13838541,223.07,1,0.049327339,0.222097588,0.000995641,Inf,1,0,0,-54.59860997,-0.029027858,0,0
ethereum,17383,220.9013782,74.70829372,256.51,1,1267.973944,35.60862177,0.138819624,Inf,1,0,0,-55.18865484,-0.20740404,-1,0
ethereum,17384,239.5982014,81.5403527,261.57,1,482.7599341,21.97179861,0.083999689,Inf,1,0,0,-54.904887,-0.203597655,-1,-5.06
ethereum,17385,244.429218,84.18948619,269.18,1,612.6012088,24.75078198,0.091948815,Inf,1,0,0,-54.12742498,-0.213079355,-1,-7.61
ethereum,17386,250.6819692,86.81287222,296.77,1,2124.106584,46.08803081,0.15529882,Inf,1,0,0,-53.74260757,0,0,-27.59
ethereum,17387,296.77,110.9784028,296.03,1,0.5476,0.74,0.002499747,Inf,0,0,1,-52.17578956,0,0,0
ethereum,17388,296.03,109.0642163,295.89,1,0.0196,0.14,0.000473149,Inf,0,0,1,-53.03043349,0,0,0
ethereum,17389,295.89,103.5750698,308.86,1,168.2209,12.97,0.041993136,Inf,0,0,1,-55.96695601,0,0,0
ethereum,17390,308.86,106.3605152,310.6,1,3.0276,1.74,0.005602061,Inf,0,0,1,-56.90665801,0,0,0
ethereum,17391,310.6,106.3759199,298.06,1,157.2516,12.54,0.042072066,Inf,0,0,1,-57.22103721,0,0,0
ethereum,17392,298.06,96.54590997,300.1,1,4.1616,2.04,0.006797734,Inf,0,0,1,-60.42519517,0,0,0
ethereum,17393,300.1,95.56077168,289.82,1,105.6784,10.28,0.035470292,Inf,0,0,1,-61.40731609,0.007974663,0,0
ethereum,17394,290.34513,65.84980503,302.27,1,142.2025241,11.92486998,0.039451054,Inf,0,2,1,-75.47884158,-0.12192777,-1,0
ethereum,17395,294.4299788,64.30053826,301.46,1,49.42119839,7.030021223,0.023319914,Inf,0,2,1,-77.9184618,0,0,0.81
ethereum,17396,301.46,65.08159212,295.59,1,34.4569,5.87,0.019858588,Inf,0,0,1,-83.81792509,0,0,0
ethereum,17397,295.59,57.5421193,297.47,1,3.5344,1.88,0.006319965,Inf,0,0,1,-89.79774698,0,0,0
ethereum,17398,297.47,57.26324856,301.43,1,15.6816,3.96,0.013137378,Inf,0,0,1,-90.44522684,0,0,0
ethereum,17399,301.43,57.05110797,321.59,1,406.4256,20.16,0.062688516,Inf,0,0,1,-91.42455042,0,0,0
ethereum,17400,321.59,62.63066034,314.79,1,46.24,6.8,0.021601703,Inf,0,0,1,-89.77267318,0,0,0
ethereum,17401,314.79,61.48984771,317.52,1,7.4529,2.73,0.008597884,Inf,0,0,1,-89.59986647,0,0,0
ethereum,17402,317.52,58.95938844,325.61,1,65.4481,8.09,0.024845674,Inf,0,0,1,-92.52921985,0,0,0
ethereum,17403,325.61,60.67257641,331.92,1,39.8161,6.31,0.019010605,Inf,0,0,1,-92.32776188,0,0,0
ethereum,17404,331.92,62.02141613,333.88,1,3.8416,1.96,0.005870373,Inf,0,0,1,-92.16615916,0,0,0
ethereum,17405,333.88,60.87266915,347.89,1,196.2801,14.01,0.04027135,Inf,0,0,1,-93.58795735,0,0,0
ethereum,17406,347.89,62.22190672,347.75,1,0.0196,0.14,0.000402588,Inf,0,0,1,-94.69749899,0,0,0
ethereum,17407,347.75,61.41690207,370.67,1,525.3264,22.92,0.061833976,Inf,0,0,1,-95.42751743,-0.01374824,0,0
ethereum,17408,369.8922193,56.57310743,378.49,1,73.92183269,8.597780684,0.022716005,Inf,1,2,1,-94.36882396,0,0,0
ethereum,17409,378.49,62.30921893,383.04,1,20.7025,4.55,0.011878655,Inf,0,0,1,-99.49401256,0.414891751,1,0
ethereum,17410,404.2254781,51.06266422,387.74,1,271.7709898,16.48547815,0.042516836,Inf,1,2,1,-103.1615627,0.406892571,1,4.7
ethereum,17411,408.0914494,50.01676316,348.98,1,3494.163445,59.11144936,0.169383487,Inf,1,2,1,-104.71681,0,0,-38.76
ethereum,17412,348.98,62.71969815,347.48,1,2.25,1.5,0.004316795,Inf,0,0,1,-94.41751779,0,0,0
ethereum,17413,347.48,51.45178144,295.17,1,2736.3361,52.31,0.177219907,Inf,0,0,1,-105.6285006,-0.119519097,-1,0
ethereum,17414,290.119167,42.25963137,312.99,1,523.0750007,22.87083297,0.073072088,Inf,0,4,1,-92.42024554,-0.654567699,-1,-17.82
ethereum,17415,282.7799868,46.15261834,334.34,1,2658.434959,51.56001318,0.154214312,Inf,3,0,0,-91.30072044,-0.039685726,0,-21.35
ethereum,17416,332.0025396,58.89927335,329.43,1,6.61796,2.572539601,0.007809063,Inf,1,0,0,-93.00809348,-0.026345573,0,0
ethereum,17417,327.8973839,58.17357171,296.5,1,985.7957158,31.3973839,0.105893369,Inf,1,0,0,-93.03165065,0.062673066,0,0
ethereum,17418,300.0973575,57.39877877,294.4,1,32.45988213,5.697357469,0.019352437,Inf,1,0,0,-88.61938113,0.074664696,0,0
ethereum,17419,298.6070699,56.34617341,288.75,1,97.16182676,9.857069887,0.034137039,Inf,1,0,0,-89.43440903,0.083732499,1,0
ethereum,17420,293.4148825,55.71173164,294.53,1,1.24348699,1.115117478,0.003786091,Inf,1,0,0,-89.01043817,0.059312078,0,5.78
ethereum,17421,297.859019,56.12716904,291.46,1,40.94744452,6.399019028,0.021955051,Inf,1,0,0,-89.42444568,0.065873889,0,0
ethereum,17422,295.1288495,55.69504889,277.11,1,324.6789355,18.01884945,0.065024176,Inf,1,0,0,-89.31854968,0,0,0
ethereum,17423,277.11,55.3103851,213.91,1,3994.24,63.2,0.295451358,Inf,0,0,1,-88.35227533,0,0,0
ethereum,17424,213.91,58.47883451,250.46,1,1335.9025,36.55,0.145931486,Inf,0,0,1,-70.19106118,0,0,0
ethereum,17425,250.46,74.33914992,246.52,1,15.5236,3.94,0.015982476,Inf,0,0,1,-65.45359177,0,0,0
ethereum,17426,246.52,73.13951208,251.75,1,27.3529,5.23,0.020774578,Inf,0,0,1,-65.47736627,0,0,0
ethereum,17427,251.75,74.78249509,293.5,1,1743.0625,41.75,0.142248722,Inf,0,0,1,-65.40702053,0.031314497,0,0
ethereum,17428,296.276456,88.66359831,282.8,1,181.6148652,13.47645596,0.047653663,Inf,1,0,0,-61.92990973,0.053475148,0,0
ethereum,17429,287.3817159,85.67934873,283.74,1,13.26209461,3.641715888,0.012834693,Inf,1,0,0,-62.11831135,0.047988112,0,0
ethereum,17430,287.8519069,85.68594928,258.58,1,856.8445337,29.2719069,0.113202517,Inf,1,0,0,-62.20514631,0,0,0
ethereum,17431,258.58,83.25581177,264.31,1,32.8329,5.73,0.021679089,Inf,0,0,1,-60.77086125,0,0,0
ethereum,17432,264.31,85.06694564,286.17,1,477.8596,21.86,0.076388161,Inf,0,0,1,-60.79368797,0,0,0
ethereum,17433,286.17,93.51680749,282.48,1,13.6161,3.69,0.013062872,Inf,0,0,1,-59.91741213,0,0,0
ethereum,17434,282.48,92.34213531,292.33,1,97.0225,9.85,0.033694797,Inf,0,0,1,-59.89799942,0,0,0
ethereum,17435,292.33,95.43787448,287.44,1,23.9121,4.89,0.017012246,Inf,0,0,1,-59.97277525,0,0,0
ethereum,17436,287.44,93.90891329,306.47,1,362.1409,19.03,0.062094169,Inf,0,0,1,-59.93143933,0,0,0
ethereum,17437,306.47,100.1351395,299.15,1,53.5824,7.32,0.02446933,Inf,0,0,1,-59.92628583,0,0,0
ethereum,17438,299.15,97.78008921,291.47,1,58.9824,7.68,0.026349195,Inf,0,0,1,-59.9047227,0,0,0
ethereum,17439,291.47,95.39802942,301.46,1,99.8001,9.99,0.033138725,Inf,0,0,1,-59.82739551,0,0,0
ethereum,17440,301.46,98.91258781,302.34,1,0.7744,0.88,0.00291063,Inf,0,0,1,-59.68491378,-0.032664829,0,0
ethereum,17441,299.4612816,88.12899012,297.48,1,3.92547676,1.981281595,0.006660218,Inf,1,0,0,-63.34600808,-0.027942841,0,0
ethereum,17442,295.0772277,85.98883272,292.46,1,6.849881073,2.617227746,0.008949011,Inf,1,0,0,-64.03785317,-0.029773658,0,0
ethereum,17443,290.1775081,76.66145358,292.66,1,6.162766036,2.482491901,0.008482512,Inf,1,0,0,-69.92673421,-0.025783194,0,0
ethereum,17444,290.685422,76.58391686,295.86,1,26.77625697,5.174577951,0.017489955,Inf,1,0,0,-70.06804652,-0.035908113,0,0
ethereum,17445,293.0869161,77.22722323,308.59,1,240.3456091,15.50308386,0.050238452,Inf,1,0,0,-70.03612884,-0.107375785,-1,0
ethereum,17446,300.1337449,78.75383712,311.12,1,120.6978005,10.98625507,0.035311954,Inf,1,0,0,-70.36271508,-0.140236194,-1,-2.53
ethereum,17447,300.5988389,75.024577,308.61,1,64.17870223,8.011161104,0.025958851,Inf,1,0,0,-73.36967447,-0.122853471,-1,2.51
ethereum,17448,299.420274,74.80233137,297.39,1,4.122012462,2.030273987,0.006826975,Inf,1,0,0,-73.29601423,-0.068339805,0,11.22
ethereum,17449,292.4082605,72.89660093,299.87,1,55.67755588,7.461739467,0.024883248,Inf,1,0,0,-73.43086966,-0.152552131,-1,0
ethereum,17450,290.0986363,64.0526204,303.46,1,178.5260405,13.36136372,0.044030066,Inf,0,3,0,-73.45173763,-0.110557353,-1,-3.59
ethereum,17451,296.287133,64.87914931,304.14,1,61.6675204,7.852867018,0.025819909,Inf,0,3,0,-74.05790075,-0.01475563,0,-0.68
ethereum,17452,303.0539206,73.60440691,338.76,1,1274.924107,35.70607941,0.105402289,Inf,0,1,1,-74.27996659,0,0,0
ethereum,17453,338.76,74.06488253,339.63,1,0.7569,0.87,0.002561611,Inf,0,0,1,-83.08736372,0,0,0
ethereum,17454,339.63,63.11051991,336.6,1,9.1809,3.03,0.009001783,Inf,0,0,1,-92.48742782,0,0,0
ethereum,17455,336.6,62.46483845,333.38,1,10.3684,3.22,0.009658648,Inf,0,0,1,-92.56389366,0,0,0
ethereum,17456,333.38,61.7003245,317.08,1,265.69,16.3,0.051406585,Inf,0,0,1,-92.72018255,-0.074136818,0,0
ethereum,17457,313.7478234,44.94631261,314.32,1,0.327386038,0.572176579,0.001820363,Inf,1,0,0,-106.0053982,-0.062536653,0,0
ethereum,17458,311.5540857,44.22869083,308.09,1,11.99988968,3.464085692,0.011243746,Inf,1,0,0,-106.4911781,-0.036942583,0,0
ethereum,17459,306.4830102,43.49966113,304.01,1,6.115779277,2.473010165,0.008134634,Inf,1,0,0,-106.5500429,0,0,0
ethereum,17460,304.01,40.87846086,300.19,1,14.5924,3.82,0.012725274,Inf,0,0,1,-111.2101699,-0.010862297,0,0
ethereum,17461,299.7680615,38.84431948,295.45,1,18.64565469,4.318061451,0.014615202,Inf,1,0,0,-111.7739349,0.05735043,0,0
ethereum,17462,297.126888,29.23932709,286.95,1,103.5690491,10.17688799,0.035465719,Inf,0,3,0,-120.8846907,0.064003347,0,0
ethereum,17463,288.8239786,29.27938491,298.33,1,90.36444247,9.50602138,0.031864115,Inf,0,3,0,-119.497747,0.161940584,1,0
ethereum,17464,303.3209044,30.81935513,297.93,1,29.06184984,5.390904362,0.018094533,Inf,0,3,0,-119.9050403,0.0151121,0,-0.4
ethereum,17465,298.3903316,30.46112793,296.53,1,3.460833707,1.860331612,0.006273671,Inf,0,3,0,-119.5653465,0.340017048,1,0
ethereum,17466,306.0108262,27.88338497,297.42,1,73.80229537,8.590826233,0.028884494,Inf,0,3,0,-125.8669794,-0.162602129,-1,0.89
ethereum,17467,292.9507151,27.48601687,296.3,1,11.21770904,3.349284855,0.011303695,Inf,0,3,0,-124.72922,0.117123312,1,1.12
ethereum,17468,299.4696862,27.06281255,305.09,1,31.58792689,5.620313771,0.018421822,Inf,0,3,0,-126.1341376,0.042344006,0,8.79
ethereum,17469,306.2283029,26.88226779,307.75,1,2.315562059,1.521697098,0.004944588,Inf,0,3,0,-128.3514262,0.270700087,1,0
ethereum,17470,314.868112,26.29519646,305.88,1,80.78615664,8.988111962,0.029384438,Inf,0,3,0,-129.4366221,-0.095927602,-1,-1.87
ethereum,17471,303.3081241,26.8105933,291.69,1,134.9808074,11.61812409,0.039830382,Inf,0,3,0,-127.9886198,-0.05615519,0,14.19
ethereum,17472,290.1900809,26.71024985,287.43,1,7.61804631,2.760080852,0.009602619,Inf,0,3,0,-125.4476594,0.092217771,1,0
ethereum,17473,289.8946605,26.72652422,305.71,1,250.1249637,15.81533951,0.051733144,Inf,0,3,0,-125.2959647,0.21622271,1,18.28
ethereum,17474,312.4376395,31.11439825,300.47,1,143.2243954,11.96763951,0.039829732,Inf,0,3,0,-120.871239,0.041857366,0,-5.24
ethereum,17475,301.8717127,33.48783917,296.26,1,31.4913199,5.611712742,0.018941851,Inf,1,0,0,-121.5340157,0.068168685,0,0
ethereum,17476,298.5321759,33.33166704,298.89,1,0.128038085,0.357824098,0.001197177,Inf,1,0,0,-121.1267583,0.046798747,0,0
ethereum,17477,300.4564339,33.47170666,294.66,1,33.5986464,5.796433938,0.019671601,Inf,1,0,0,-121.2677654,0.061129196,0,0
ethereum,17478,296.650646,32.56457106,309.07,1,154.2403527,12.41935395,0.040182981,Inf,1,0,0,-122.081328,0.141067098,1,0
ethereum,17479,313.5055782,31.44303816,320.88,1,54.38209761,7.374421849,0.022981868,Inf,0,3,0,-120.2993968,-0.12969702,-1,11.81
ethereum,17480,316.8964943,30.71393381,299.25,1,311.3987616,17.64649431,0.05896907,Inf,0,3,0,-120.1331133,-0.214191904,-1,21.63
ethereum,17481,292.6666684,30.73566978,314.68,1,484.5867693,22.01333163,0.069954658,Inf,0,3,0,-115.8907303,-0.018724473,0,-15.43
ethereum,17482,314.0267535,34.88730909,307.91,1,37.41467381,6.116753535,0.019865394,Inf,1,0,0,-121.1206122,0.00562632,0,0
ethereum,17483,308.1036196,34.41317623,316.72,1,74.24201196,8.616380444,0.027205041,Inf,1,0,0,-120.9667102,-0.070317105,0,0
ethereum,17484,314.2493049,35.13647296,337.63,1,546.6569018,23.38069507,0.06924946,Inf,1,0,0,-121.1246688,-0.206709882,-1,0
ethereum,17485,329.3974038,39.82681512,333.36,1,15.70216903,3.962596249,0.011886838,Inf,1,0,0,-116.4499734,-0.219616484,-1,4.27
ethereum,17486,325.2183907,37.07194085,330.92,1,32.50834865,5.701609303,0.01722957,Inf,1,0,0,-120.0517753,-0.181779504,-1,2.44
ethereum,17487,324.2052023,36.93924527,332.39,1,66.99091311,8.184797683,0.024624079,Inf,1,0,0,-120.0129787,-0.165943574,-1,-1.47
ethereum,17488,326.216415,37.20291676,347.61,1,457.6854777,21.39358497,0.061544791,Inf,1,0,0,-119.8483234,-0.157572473,-1,-15.22
ethereum,17489,341.2466815,40.38344016,354.39,1,172.746822,13.14331853,0.03708716,Inf,0,1,1,-116.1345445,-0.188766452,-1,-6.78
ethereum,17490,347.3001946,37.5586092,366.73,1,377.5173374,19.42980539,0.052981227,Inf,0,3,1,-115.2702964,0,0,-12.34
ethereum,17491,366.73,46.77337194,360.4,1,40.0689,6.33,0.017563818,Inf,0,0,1,-114.2713624,-0.017088337,0,0
ethereum,17492,359.9201631,28.07979074,380.65,1,429.7261388,20.72983692,0.054459049,Inf,5,2,1,-115.0233627,0,0,0
ethereum,17493,380.65,49.2780766,410.17,1,871.4304,29.52,0.071970159,Inf,0,0,1,-113.4077231,-0.012704539,0,0
ethereum,17494,409.6421775,41.54597849,474.91,1,4259.888655,65.26782251,0.137431982,Inf,0,5,1,-108.7949175,0,0,0
ethereum,17495,474.91,83.80572066,466.28,1,74.4769,8.63,0.018508193,Inf,0,0,1,-95.47526042,0,0,0
ethereum,17496,466.28,82.51283682,471.33,1,25.5025,5.05,0.010714361,Inf,0,0,1,-95.31376607,0,0,0
ethereum,17497,471.33,83.47866758,480.36,1,81.5409,9.03,0.018798401,Inf,0,0,1,-95.26372239,0,0,0
ethereum,17498,480.36,84.72006497,472.9,1,55.6516,7.46,0.015775005,Inf,0,0,1,-95.50761691,0,0,0
ethereum,17499,472.9,83.52539503,427.52,1,2059.3444,45.38,0.106147081,Inf,0,0,1,-95.42372689,0,0,0
ethereum,17500,427.52,81.78865325,447.11,1,383.7681,19.59,0.043814721,Inf,0,0,1,-90.80420491,0,0,0
ethereum,17501,447.11,85.3811445,466.54,1,377.5249,19.43,0.041647018,Inf,0,0,1,-90.9092614,0,0,0
ethereum,17502,466.54,90.12308481,463.45,1,9.5481,3.09,0.006667386,Inf,0,0,1,-90.24360729,0,0,0
ethereum,17503,463.45,87.09024755,465.85,1,5.76,2.4,0.005151873,Inf,0,0,1,-91.83879695,0,0,0
ethereum,17504,465.85,87.36121738,470.2,1,18.9225,4.35,0.009251382,Inf,0,0,1,-91.95785035,0,0,0
ethereum,17505,470.2,88.10162885,463.28,1,47.8864,6.92,0.014936971,Inf,0,0,1,-92.00728843,0,0,0
ethereum,17506,463.28,86.89834888,428.59,1,1203.3961,34.69,0.080939826,Inf,0,0,1,-91.94514742,0,0,0
ethereum,17507,428.59,83.88150468,434.41,1,33.8724,5.82,0.013397482,Inf,0,0,1,-89.48781461,0,0,0
ethereum,17508,434.41,83.77003963,456.03,1,467.4244,21.62,0.047409162,Inf,0,0,1,-90.34456022,0,0,0
ethereum,17509,456.03,88.53782319,473.5,1,305.2009,17.47,0.036895459,Inf,0,0,1,-89.95227208,0,0,0
ethereum,17510,473.5,89.6539947,441.72,1,1009.9684,31.78,0.071946029,Inf,0,0,1,-91.40164103,-0.064012181,0,0
ethereum,17511,437.4831346,66.18842428,515.14,1,6030.58874,77.65686537,0.15074905,Inf,1,3,1,-91.08131738,0,0,0
ethereum,17512,515.14,114.5442866,651.43,1,18574.9641,136.29,0.209216646,Inf,0,0,1,-82.1126472,0.364908422,1,0
ethereum,17513,708.6581216,156.8287223,702.77,1,34.66997625,5.888121623,0.008378448,Inf,0,3,1,-71.49082766,-0.50570363,-1,51.34
ethereum,17514,633.7753759,136.4329223,695.82,1,3849.535378,62.04462408,0.089167635,Inf,0,3,1,-73.09770498,0.356303797,1,6.95
ethereum,17515,752.1644747,158.1360493,684.45,1,4585.250089,67.71447474,0.098932683,Inf,0,4,1,-72.10218831,-0.016668033,0,-11.37
ethereum,17516,681.5172027,175.9534158,696.21,1,215.8782918,14.69279728,0.021103973,Inf,0,1,1,-71.0090225,0.03360798,0,0
ethereum,17517,702.3099169,181.502037,719.98,1,312.2318372,17.67008311,0.024542464,Inf,0,1,1,-70.94853557,0.039931674,0,0
ethereum,17518,727.4419524,186.8680097,794.64,1,4515.577608,67.19804765,0.084564139,Inf,0,1,1,-71.2850804,0.139296703,1,0
ethereum,17519,825.0804556,218.5296205,826.82,1,3.026014586,1.739544361,0.002103897,Inf,0,1,1,-69.51517661,0.000773498,0,32.18
ethereum,17520,826.9876247,216.7099675,819.09,1,62.3724757,7.897624687,0.00964195,Inf,0,1,1,-70.10891089,-0.015849442,0,0
ethereum,17521,815.7253345,212.2892103,821.06,1,28.45865608,5.334665508,0.006497291,Inf,0,1,1,-70.48340346,0.011888062,0,0
ethereum,17522,823.576289,211.6651992,674.86,1,22116.53463,148.716289,0.220366134,Inf,0,1,1,-71.17393344,-0.346879931,-1,0
ethereum,17523,612.1107334,180.896215,719.39,1,11508.84105,107.2792666,0.149125324,Inf,0,1,1,-63.12661779,0,0,-44.53
ethereum,17524,719.39,217.03792,694.15,1,637.0576,25.24,0.036361017,Inf,0,0,1,-64.51340872,0,0,0
ethereum,17525,694.15,210.0035247,765.83,1,5138.0224,71.68,0.093597796,Inf,0,0,1,-64.35407815,0,0,0
ethereum,17526,765.83,238.0995035,773.84,1,64.1601,8.01,0.010350977,Inf,0,0,1,-62.7833287,0,0,0
ethereum,17527,773.84,240.4210233,762.84,1,121,11,0.0144198,Inf,0,0,1,-62.82371913,0,0,0
ethereum,17528,762.84,236.9770349,737.02,1,666.6724,25.82,0.035032971,Inf,0,0,1,-62.83014018,0,0,0
ethereum,17529,737.02,223.1419785,753.59,1,274.5649,16.57,0.021988084,Inf,0,0,1,-64.31050315,0,0,0
ethereum,17530,753.59,227.1436033,717.26,1,1319.8689,36.33,0.050651089,Inf,0,0,1,-64.56720434,0,0,0
ethereum,17531,717.26,216.5971386,756.73,1,1557.8809,39.47,0.05215863,Inf,0,0,1,-64.45974067,0,0,0
ethereum,17532,756.73,230.4128214,772.64,1,253.1281,15.91,0.020591737,Inf,0,0,1,-63.98396405,0,0,0
ethereum,17533,772.64,235.5343345,884.44,1,12499.24,111.8,0.12640767,Inf,0,0,1,-63.91619322,0,0,0
ethereum,17534,884.44,283.4593421,962.72,1,6127.7584,78.28,0.081311285,Inf,0,0,1,-61.03533994,0,0,0
ethereum,17535,962.72,314.1424268,980.92,1,331.24,18.2,0.018554011,Inf,0,0,1,-60.00200256,0,0,0
ethereum,17536,980.92,315.4229212,997.72,1,282.24,16.8,0.016838392,Inf,0,0,1,-60.84501177,0,0,0
ethereum,17537,997.72,320.9140998,1041.68,1,1932.4816,43.96,0.04220106,Inf,0,0,1,-60.82906034,0,0,0
ethereum,17538,1041.68,334.617137,1153.17,1,12430.0201,111.49,0.096681322,Inf,0,0,1,-60.90404627,0.265311558,1,0
ethereum,17539,1245.035858,346.2565235,1148.53,1,9313.380586,96.50585778,0.084025544,Inf,0,2,1,-60.72523413,-0.11638493,-1,-4.64
ethereum,17540,1116.842797,272.2620755,1299.74,1,33451.38672,182.8972026,0.1407183,Inf,0,2,1,-68.31820778,-0.039347017,0,-151.21
ethereum,17541,1285.958747,350.2490074,1255.82,1,908.3440419,30.13874652,0.023999257,Inf,0,2,1,-63.71734437,0.214995194,1,0
ethereum,17542,1323.312379,313.9250591,1154.93,1,28352.62558,168.3823791,0.145794446,Inf,0,2,1,-72.62813263,0,0,-100.89
ethereum,17543,1154.93,311.1961438,1273.2,1,13987.7929,118.27,0.092891926,Inf,0,0,1,-71.02587956,0,0,0
ethereum,17544,1273.2,354.786297,1396.42,1,15183.1684,123.22,0.088239928,Inf,0,0,1,-69.08919389,0,0,0
ethereum,17545,1396.42,400.0833362,1366.77,1,879.1225,29.65,0.021693482,Inf,0,0,1,-67.48858765,0,0,0
ethereum,17546,1366.77,391.8066392,1291.92,1,5602.5225,74.85,0.057937024,Inf,0,0,1,-67.45649306,0,0,0
ethereum,17547,1291.92,372.8166998,1053.69,1,56753.5329,238.23,0.226091165,Inf,0,0,1,-67.07403249,0,0,0
ethereum,17548,1053.69,333.8545882,1014.25,1,1555.5136,39.44,0.038885876,Inf,0,0,1,-61.69461602,0,0,0
ethereum,17549,1014.25,321.2543027,1036.28,1,485.3209,22.03,0.021258733,Inf,0,0,1,-61.71323286,0,0,0
ethereum,17550,1036.28,328.5610884,1039.1,1,7.9524,2.82,0.002713887,Inf,0,0,1,-61.65560606,0,0,0
ethereum,17551,1039.1,329.4566179,1155.15,1,13467.6025,116.05,0.100463143,Inf,0,0,1,-61.6553572,0,0,0
ethereum,17552,1155.15,338.4970739,1049.58,1,11145.0249,105.57,0.10058309,Inf,0,0,1,-66.19118679,0,0,0
ethereum,17553,1049.58,312.4350181,1003.26,1,2145.5424,46.32,0.046169487,Inf,0,0,1,-65.2858827,0,0,0
ethereum,17554,1003.26,299.335948,986.23,1,290.0209,17.03,0.017267777,Inf,0,0,1,-65.15314358,0,0,0
ethereum,17555,986.23,285.8151652,1058.78,1,5263.5025,72.55,0.068522261,Inf,0,0,1,-66.82901607,0,0,0
ethereum,17556,1058.78,311.6428532,1056.03,1,7.5625,2.75,0.002604093,Inf,0,0,1,-65.93460865,0,0,0
ethereum,17557,1056.03,310.6422406,1055.17,1,0.7396,0.86,0.000815035,Inf,0,0,1,-65.97003823,0,0,0
ethereum,17558,1055.17,309.2448685,1107.07,1,2693.61,51.9,0.046880504,Inf,0,0,1,-66.1827621,0,0,0
ethereum,17559,1107.07,326.2888759,1246.01,1,19304.3236,138.94,0.111507933,Inf,0,0,1,-65.85826541,0,0,0
ethereum,17560,1246.01,380.1278451,1182.36,1,4051.3225,63.65,0.053833012,Inf,0,0,1,-63.87230921,0,0,0
ethereum,17561,1182.36,360.584382,1071.13,1,12372.1129,111.23,0.103843604,Inf,0,0,1,-63.89231788,0,0,0
ethereum,17562,1071.13,335.364533,1118.31,1,2225.9524,47.18,0.04218866,Inf,0,0,1,-62.37940236,-0.023359499,0,0
ethereum,17563,1110.95687,314.7811602,1036.79,1,5500.724567,74.16686974,0.071535094,Inf,1,0,0,-65.31256999,0.0529683,0,0
ethereum,17564,1052.191056,290.7598683,915.78,1,18607.97618,136.4110559,0.148956142,Inf,1,0,0,-66.97580617,0.113827897,1,0
ethereum,17565,945.7776316,263.5349719,964.02,1,332.7840047,18.2423684,0.018923226,Inf,1,1,0,-63.78870808,0.256220588,1,48.24
ethereum,17566,1037.492448,286.7546612,834.68,1,41132.88899,202.8124478,0.242982278,Inf,1,1,0,-64.30276142,0,0,-129.34
ethereum,17567,834.68,274.2508348,697.95,1,18695.0929,136.73,0.195902285,Inf,0,0,1,-59.60468478,0,0,0
ethereum,17568,697.95,241.4300759,793.12,1,9057.3289,95.17,0.119994452,Inf,0,0,1,-56.64899129,0,0,0
ethereum,17569,793.12,284.2906035,757.07,1,1299.6025,36.05,0.04761779,Inf,0,0,1,-54.60563089,0,0,0
ethereum,17570,757.07,263.7606768,817.81,1,3689.3476,60.74,0.07427153,Inf,0,0,1,-56.23813536,0,0,0
ethereum,17571,817.81,287.9359013,883.87,1,4363.9236,66.06,0.074739498,Inf,0,0,1,-55.63399479,0,0,0
ethereum,17572,883.87,310.5287089,860.41,1,550.3716,23.46,0.027266071,Inf,0,0,1,-55.75694923,0,0,0
ethereum,17573,860.41,296.4173879,814.66,1,2093.0625,45.75,0.056158397,Inf,0,0,1,-56.88292288,0,0,0
ethereum,17574,814.66,277.0897888,868.71,1,2921.4025,54.05,0.062218692,Inf,0,0,1,-57.61758101,0,0,0
ethereum,17575,868.71,297.9917591,845.26,1,549.9025,23.45,0.027742943,Inf,0,0,1,-57.13009428,0,0,0
ethereum,17576,845.26,288.3305659,923.56,1,6130.89,78.3,0.084780631,Inf,0,0,1,-57.45139891,0,0,0
ethereum,17577,923.56,289.3927352,936.98,1,180.0964,13.42,0.014322611,Inf,0,0,1,-62.33335834,0.017896452,0,0
ethereum,17578,941.9562052,278.0553972,944.21,1,5.07959119,2.253794842,0.002386964,Inf,1,0,0,-62.69678875,0.014113166,0,0
ethereum,17579,948.1589318,279.8048236,974.12,1,673.9770609,25.96106818,0.026650791,Inf,1,0,0,-62.7095016,-0.003516434,0,0
ethereum,17580,973.1081807,287.7401188,923.92,1,2419.477123,49.18818072,0.053238571,Inf,1,0,0,-62.60067987,0,0,0
ethereum,17581,923.92,282.1954063,943.87,1,398.0025,19.95,0.021136385,Inf,0,0,1,-63.80506127,0,0,0
